--
-- PostgreSQL database dump
--

-- Dumped from database version 14.13 (Homebrew)
-- Dumped by pg_dump version 16.4 (Homebrew)

SET statement_timeout = 0;
SET lock_timeout = 0;
SET idle_in_transaction_session_timeout = 0;
SET client_encoding = 'UTF8';
SET standard_conforming_strings = on;
SELECT pg_catalog.set_config('search_path', '', false);
SET check_function_bodies = false;
SET xmloption = content;
SET client_min_messages = warning;
SET row_security = off;

--
-- Name: public; Type: SCHEMA; Schema: -; Owner: nia
--

-- *not* creating schema, since initdb creates it


ALTER SCHEMA public OWNER TO nia;

SET default_tablespace = '';

SET default_table_access_method = heap;

--
-- Name: audit; Type: TABLE; Schema: public; Owner: nia
--

CREATE TABLE public.audit (
    audit_id character varying(100) NOT NULL,
    audit_name character varying(100) NOT NULL,
    school character varying(100),
    grade character varying(5),
    tel character varying(20),
    address character varying(255),
    status character varying(50)
);


ALTER TABLE public.audit OWNER TO nia;

--
-- Name: class; Type: TABLE; Schema: public; Owner: nia
--

CREATE TABLE public.class (
    class_id character varying(10) NOT NULL,
    class_name character varying(100) NOT NULL,
    semester character varying(20),
    "time" character varying(10),
    classroom_id character varying(20)
);


ALTER TABLE public.class OWNER TO nia;

--
-- Name: classroom; Type: TABLE; Schema: public; Owner: nia
--

CREATE TABLE public.classroom (
    classroom_id character varying(20) NOT NULL,
    classroom_name character varying(100) NOT NULL,
    capacity integer NOT NULL
);


ALTER TABLE public.classroom OWNER TO nia;

--
-- Name: mentor; Type: TABLE; Schema: public; Owner: nia
--

CREATE TABLE public.mentor (
    mentor_id integer NOT NULL,
    mentor_name character varying(100) NOT NULL,
    tel character varying(20),
    address character varying(255),
    status character varying(50)
);


ALTER TABLE public.mentor OWNER TO nia;

--
-- Name: mentor_shift; Type: TABLE; Schema: public; Owner: nia
--

CREATE TABLE public.mentor_shift (
    shift integer,
    mentor_id integer
);


ALTER TABLE public.mentor_shift OWNER TO nia;

--
-- Name: parent; Type: TABLE; Schema: public; Owner: nia
--

CREATE TABLE public.parent (
    parent_name character varying(100) NOT NULL,
    parent_tel character varying(20) NOT NULL,
    student_id character varying(100)
);


ALTER TABLE public.parent OWNER TO nia;

--
-- Name: reservation; Type: TABLE; Schema: public; Owner: nia
--

CREATE TABLE public.reservation (
    "time" timestamp without time zone NOT NULL,
    student_id character varying(100),
    mentor_id integer
);


ALTER TABLE public.reservation OWNER TO nia;

--
-- Name: student; Type: TABLE; Schema: public; Owner: nia
--

CREATE TABLE public.student (
    student_id character varying(100) NOT NULL,
    student_name character varying(100) NOT NULL,
    school character varying(100),
    grade character varying(50),
    tel character varying(20),
    address character varying(255),
    status character varying(50)
);


ALTER TABLE public.student OWNER TO nia;

--
-- Name: take; Type: TABLE; Schema: public; Owner: nia
--

CREATE TABLE public.take (
    student_id character varying(100),
    class_id character varying(10)
);


ALTER TABLE public.take OWNER TO nia;

--
-- Name: teach; Type: TABLE; Schema: public; Owner: nia
--

CREATE TABLE public.teach (
    teacher_id character varying(20),
    class_id character varying(10)
);


ALTER TABLE public.teach OWNER TO nia;

--
-- Name: teacher; Type: TABLE; Schema: public; Owner: nia
--

CREATE TABLE public.teacher (
    teacher_id character varying(20) NOT NULL,
    teacher_name character varying(100) NOT NULL,
    tel character varying(20),
    address character varying(255),
    status character varying(20)
);


ALTER TABLE public.teacher OWNER TO nia;

--
-- Name: workers; Type: TABLE; Schema: public; Owner: nia
--

CREATE TABLE public.workers (
    worker_id character varying(20) NOT NULL,
    worker_name character varying(100) NOT NULL,
    status character varying(50),
    password character varying(100)
);


ALTER TABLE public.workers OWNER TO nia;

--
-- Data for Name: audit; Type: TABLE DATA; Schema: public; Owner: nia
--

COPY public.audit (audit_id, audit_name, school, grade, tel, address, status) FROM stdin;
a_00001	李怡蓁	基隆高中	二年級	0998705230	新北市板橋區中山路一段300號	諮詢
a_00003	周怡蓁	南山中學	一年級	0932113156	新北市板橋區中山路一段300號	諮詢
a_00006	周俊偉	板橋高中	三年級	0923641960	新北市新店區北新路三段88號	諮詢
a_00007	李家豪	淡江中學	一年級	0937776273	台北市信義區松仁路50號	諮詢
a_00008	周佳玲	華江高中	二年級	0910360782	台北市大安區信義路四段200號	諮詢
a_00012	吳家豪	海山高中	三年級	0978821888	新北市新店區北新路三段88號	諮詢
a_00013	劉雅涵	三重高中	三年級	0986486669	基隆市中正區中正路99號	諮詢
a_00022	李怡蓁	輔大附中	一年級	0913401768	基隆市仁愛區忠一路17號	諮詢
a_00023	王偉漢	三重高中	三年級	0968804038	新北市新莊區新樹路123號	諮詢
a_00028	周俊偉	景美女中	二年級	0954463435	基隆市中正區中正路99號	諮詢
a_00029	趙家瑄	崇右高中	一年級	0973099889	台北市中正區忠孝東路一段100號	諮詢
a_00031	李家豪	成功高中	一年級	0933196050	台北市信義區松仁路50號	諮詢
a_00032	黃志豪	內湖高中	三年級	0974386440	台北市大安區信義路四段200號	諮詢
a_00033	周志豪	淡江中學	三年級	0996646962	台北市大安區信義路四段200號	諮詢
a_00034	劉志豪	成功高中	二年級	0984118053	新北市新莊區新樹路123號	諮詢
a_00035	周怡蓁	建國中學	一年級	0967031850	新北市中和區永和路45巷15號	諮詢
a_00038	陳怡蓁	三重高中	一年級	0959185737	新北市板橋區中山路一段300號	諮詢
a_00039	吳芳婷	崇右高中	二年級	0925911180	台北市士林區天母東路20號	諮詢
a_00043	王家豪	板橋高中	三年級	0959378801	台北市大安區信義路四段200號	諮詢
a_00044	陳家瑄	松山高中	二年級	0941675030	台北市大安區信義路四段200號	諮詢
a_00045	王家豪	板橋高中	一年級	0969469715	台北市大安區信義路四段200號	諮詢
a_00051	趙芳婷	三重高中	一年級	0932160958	基隆市中正區中正路99號	諮詢
a_00054	吳家豪	崇右高中	一年級	0925001255	新北市中和區永和路45巷15號	諮詢
a_00058	張家瑄	中山女高	二年級	0947082286	台北市信義區松仁路50號	諮詢
a_00066	張偉漢	輔大附中	一年級	0917113375	新北市新莊區新樹路123號	諮詢
a_00072	張家瑄	崇右高中	二年級	0994224376	新北市新店區北新路三段88號	諮詢
a_00073	陳建勳	板橋高中	一年級	0932847849	台北市大安區信義路四段200號	諮詢
a_00074	林偉漢	師大附中	一年級	0988557660	新北市新店區北新路三段88號	諮詢
a_00075	陳家瑄	景文中學	三年級	0939578430	台北市大安區信義路四段200號	諮詢
a_00085	李芳婷	建國中學	二年級	0974853212	基隆市仁愛區忠一路17號	諮詢
a_00086	周家豪	松山高中	二年級	0931753654	基隆市仁愛區忠一路17號	諮詢
a_00088	周怡蓁	內湖高中	一年級	0919111790	台北市信義區松仁路50號	諮詢
a_00093	劉芳婷	成功高中	二年級	0939121245	新北市新莊區新樹路123號	諮詢
a_00094	吳雅涵	華江高中	三年級	0933065692	新北市新莊區新樹路123號	諮詢
a_00097	張芳婷	板橋高中	一年級	0915391900	台北市大安區信義路四段200號	諮詢
a_00098	張建勳	三重高中	二年級	0991122698	台北市中正區忠孝東路一段100號	諮詢
a_00099	張佳玲	內湖高中	二年級	0982083439	新北市新莊區新樹路123號	諮詢
a_00004	周芳婷	景美女中	一年級	0996120716	新北市新莊區新樹路123號	其他補習班
a_00009	黃芳婷	永春高中	一年級	0969326251	台北市中正區忠孝東路一段100號	其他補習班
a_00010	王俊偉	淡江中學	三年級	0928762589	基隆市中正區中正路99號	其他補習班
a_00015	李怡蓁	景文中學	一年級	0951072320	台北市士林區天母東路20號	其他補習班
a_00017	吳偉漢	景美女中	三年級	0946053236	基隆市中正區中正路99號	其他補習班
a_00020	陳志豪	基隆高中	二年級	0961082722	基隆市中正區中正路99號	其他補習班
a_00030	趙怡蓁	中山女高	二年級	0941436649	新北市中和區永和路45巷15號	其他補習班
a_00037	趙怡蓁	師大附中	一年級	0979704553	新北市新莊區新樹路123號	其他補習班
a_00042	吳偉漢	崇右高中	三年級	0950356621	新北市中和區永和路45巷15號	其他補習班
a_00046	周佳玲	成功高中	二年級	0997237792	新北市新莊區新樹路123號	其他補習班
a_00048	張建勳	輔大附中	三年級	0992674553	台北市士林區天母東路20號	其他補習班
a_00052	王芳婷	三重高中	一年級	0999770012	台北市中正區忠孝東路一段100號	其他補習班
a_00055	周佳玲	永春高中	一年級	0977097763	台北市中正區忠孝東路一段100號	其他補習班
a_00059	王家瑄	新莊高中	三年級	0966331517	台北市士林區天母東路20號	其他補習班
a_00060	劉志豪	板橋高中	二年級	0923124644	新北市新莊區新樹路123號	其他補習班
a_00061	林家豪	三重高中	二年級	0931782168	新北市板橋區中山路一段300號	其他補習班
a_00064	黃芳婷	海山高中	一年級	0994276160	基隆市仁愛區忠一路17號	其他補習班
a_00071	周雅涵	松山高中	二年級	0913183619	基隆市中正區中正路99號	其他補習班
a_00076	周怡蓁	崇右高中	三年級	0950373902	台北市中正區忠孝東路一段100號	其他補習班
a_00078	張偉漢	板橋高中	一年級	0962709497	新北市新店區北新路三段88號	其他補習班
a_00079	黃雅涵	海山高中	三年級	0926622024	基隆市中正區中正路99號	其他補習班
a_00081	張偉漢	師大附中	一年級	0980152153	新北市板橋區中山路一段300號	其他補習班
a_00083	王志豪	永春高中	二年級	0932047869	台北市信義區松仁路50號	其他補習班
a_00091	李芳婷	海山高中	一年級	0984246843	基隆市仁愛區忠一路17號	其他補習班
a_00092	周建勳	華江高中	二年級	0941247685	基隆市仁愛區忠一路17號	其他補習班
a_00096	劉家豪	基隆高中	一年級	0987581480	基隆市中正區中正路99號	其他補習班
a_00100	吳俊偉	建國中學	一年級	0965713655	台北市大安區信義路四段200號	其他補習班
a_00002	李佳玲	崇右高中	三年級	0948368077	基隆市仁愛區忠一路17號	已報名
a_00005	林雅涵	景文中學	三年級	0934117054	新北市板橋區中山路一段300號	已報名
a_00011	周建勳	海山高中	一年級	0917727219	新北市新莊區新樹路123號	已報名
a_00014	李怡蓁	永春高中	二年級	0959586178	新北市新店區北新路三段88號	已報名
a_00016	陳芳婷	輔大附中	三年級	0961949273	新北市新莊區新樹路123號	已報名
a_00018	林俊偉	內湖高中	一年級	0929702241	新北市新莊區新樹路123號	已報名
a_00019	王家豪	成功高中	二年級	0934557841	新北市板橋區中山路一段300號	已報名
a_00021	陳雅涵	崇右高中	三年級	0944679235	新北市中和區永和路45巷15號	已報名
a_00024	林家瑄	南山中學	二年級	0912879882	台北市士林區天母東路20號	已報名
a_00025	王偉漢	南山中學	一年級	0922754008	新北市板橋區中山路一段300號	已報名
a_00026	李家豪	新莊高中	二年級	0938157904	台北市大安區信義路四段200號	已報名
a_00027	劉志豪	輔大附中	三年級	0916714262	台北市大安區信義路四段200號	已報名
a_00036	陳雅涵	三重高中	三年級	0940946647	基隆市仁愛區忠一路17號	已報名
a_00040	張怡蓁	海山高中	三年級	0912958507	基隆市仁愛區忠一路17號	已報名
a_00041	王家豪	台北市立第一女子高級中學	二年級	0910-692-759	台北市信義區松高路11號	已報名
a_00047	林柏翰	新北市立新店高級中學	三年級	0982-639-407	基隆市仁愛區愛三路50號	已報名
a_00049	林思涵	台北市立建國高級中學	二年級	0931-246-320	基隆市仁愛區愛三路50號	已報名
a_00050	黃昀潔	基隆市立中山高級中學	二年級	0930-598-843	基隆市中正區北寧路100號	已報名
a_00053	張志豪	新北市立新店高級中學	三年級	0982-489-965	基隆市仁愛區愛三路50號	已報名
a_00056	林怡君	台北市立第一女子高級中學	一年級	0952-509-690	基隆市中正區北寧路100號	已報名
a_00057	蔡柏翰	台北市立第一女子高級中學	三年級	0910-858-531	基隆市中正區北寧路100號	已報名
a_00062	蔡昀潔	新北市立新店高級中學	二年級	0910-357-116	新北市永和區永和路一段100號	已報名
a_00063	張志豪	台北市立建國高級中學	二年級	0952-934-437	基隆市中正區北寧路100號	已報名
a_00065	蔡志豪	新北市立新店高級中學	一年級	0972-586-196	新北市板橋區中山路一段200號	已報名
a_00067	楊昱婷	新北市立新店高級中學	三年級	0930-740-758	台北市信義區松高路11號	已報名
a_00068	劉昀潔	台北市立第一女子高級中學	二年級	0982-791-777	台北市中正區忠孝西路一段120號	已報名
a_00069	楊柏翰	基隆市立中山高級中學	三年級	0931-242-753	新北市板橋區中山路一段200號	已報名
a_00070	張怡君	基隆市立中山高級中學	一年級	0912-335-860	台北市中正區忠孝西路一段120號	已報名
a_00077	王昱婷	台北市立建國高級中學	三年級	0910-358-925	台北市信義區松高路11號	已報名
a_00080	楊怡君	基隆市立中山高級中學	一年級	0931-801-354	基隆市中正區北寧路100號	已報名
a_00082	王怡君	台北市立建國高級中學	一年級	0992-148-889	新北市板橋區中山路一段200號	已報名
a_00084	楊家豪	台北市立建國高級中學	一年級	0911-719-108	台北市信義區松高路11號	已報名
a_00087	黃志豪	台北市立建國高級中學	一年級	0952-383-390	台北市信義區松高路11號	已報名
a_00089	劉柏翰	台北市立建國高級中學	三年級	0912-833-245	台北市中正區忠孝西路一段120號	已報名
a_00090	劉佳穎	台北市立建國高級中學	一年級	0972-860-973	新北市永和區永和路一段100號	已報名
a_00095	劉佳穎	新北市立新店高級中學	一年級	0910-588-626	台北市中正區忠孝西路一段120號	已報名
\.


--
-- Data for Name: class; Type: TABLE DATA; Schema: public; Owner: nia
--

COPY public.class (class_id, class_name, semester, "time", classroom_id) FROM stdin;
111101A	高一_A	111-1	一18~22	r_009
111101B	高一_B	111-1	三18~22	r_009
111101C	高一_加強	111-1	六10~12	r_002
111102A	高二_A	111-1	二18~22	r_010
111102B	高二_B	111-1	四18~22	r_010
111102C	高二_加強	111-1	六14~16	r_003
111103A	高三	111-1	五18~22	r_011
111103C	高三_加強	111-1	六18~20	r_003
111201A	高一_A	111-2	一18~22	r_009
111201B	高一_B	111-2	二18~22	r_009
111201C	高一_加強	111-2	六10~12	r_002
111202A	高二_A	111-2	三18~22	r_010
111202B	高二_B	111-2	四18~22	r_010
111202C	高二_加強	111-2	六14~16	r_003
111203A	高三	111-2	五18~22	r_011
111203C	高三_加強	111-2	六18~20	r_003
112101A	高一_A	112-1	一18~22	r_009
112101B	高一_B	112-1	二18~22	r_009
112101C	高一_加強	112-1	六10~12	r_002
112102A	高二_A	112-1	三18~22	r_010
112102B	高二_B	112-1	四18~22	r_010
112102C	高二_加強	112-1	六14~16	r_003
112103A	高三	112-1	五18~22	r_011
112103C	高三_加強	112-1	六18~20	r_003
112201A	高一_A	112-2	一18~22	r_009
112201B	高一_B	112-2	三18~22	r_009
112201C	高一_加強	112-2	六10~12	r_002
112202A	高二_A	112-2	二18~22	r_010
112202B	高二_B	112-2	四18~22	r_010
112202C	高二_加強	112-2	六14~16	r_003
112203A	高三	112-2	五18~22	r_011
112203C	高三_加強	112-2	六18~20	r_003
113101A	高一_A	113-1	一18~22	r_009
113101B	高一_B	113-1	三18~22	r_009
113101C	高一_加強	113-1	六10~12	r_002
113102A	高二_A	113-1	二18~22	r_010
113102B	高二_B	113-1	四18~22	r_010
113102C	高二_加強	113-1	六14~16	r_003
113103A	高三	113-1	五18~22	r_011
113103C	高三_加強	113-1	六18~20	r_003
113201A	高一_A	113-2	一18~22	r_009
113201B	高一_B	113-2	二18~22	r_009
113201C	高一_加強	113-2	六10~12	r_002
113202A	高二_A	113-2	三18~22	r_010
113202B	高二_B	113-2	四18~22	r_010
113202C	高二_加強	113-2	六14~16	r_003
113203A	高三	113-2	五18~22	r_011
113203C	高三_加強	113-2	六18~20	r_003
\.


--
-- Data for Name: classroom; Type: TABLE DATA; Schema: public; Owner: nia
--

COPY public.classroom (classroom_id, classroom_name, capacity) FROM stdin;
r_001	101	100
r_002	102	100
r_003	103	100
r_004	104	100
r_005	105	150
r_006	201	200
r_007	202	200
r_008	203	200
r_009	301	250
r_010	302	250
r_011	303	250
\.


--
-- Data for Name: mentor; Type: TABLE DATA; Schema: public; Owner: nia
--

COPY public.mentor (mentor_id, mentor_name, tel, address, status) FROM stdin;
9701	李明軒	0910-123-456	台北市中正區忠孝西路一段120號	off
9702	張宥嘉	0911-234-567	台北市大安區信義路三段45巷10號	off
9703	陳品安	0912-345-678	台北市松山區南京東路五段66號	off
9704	林子涵	0913-456-789	台北市信義區松高路11號	off
9801	王芷瑩	0914-567-890	台北市士林區中山北路六段200號	off
9802	劉冠廷	0915-678-901	台北市北投區光明路25號	off
9803	許沛霖	0916-789-012	台北市內湖區瑞光路300號	off
9901	楊靖茹	0917-890-123	台北市南港區經貿二路168號	off
9902	鄭柏翰	0918-901-234	台北市文山區木柵路三段99號	off
9903	蔡佳穎	0919-012-345	台北市萬華區西園路一段150號	off
9904	黃俊傑	0920-123-456	台北市中山區林森北路350號	off
9905	吳昀潔	0921-234-567	台北市大同區延平北路二段80號	off
10001	周奕翔	0922-345-678	台北市大安區和平東路二段100號	off
10002	徐語恩	0923-456-789	台北市松山區八德路四段88號	off
10003	胡書豪	0924-567-890	台北市信義區松仁路123號	off
10004	曾彥君	0925-678-901	台北市士林區天母西路50號	off
10005	鍾欣怡	0926-789-012	台北市北投區中和街75號	off
10006	高志宏	0927-890-123	台北市內湖區內湖路一段150號	off
10101	陸婉婷	0928-901-234	台北市南港區忠孝東路七段20號	off
10102	方哲宇	0929-012-345	台北市文山區興隆路四段60號	off
10103	邱若彤	0930-123-456	新北市板橋區中山路一段200號	off
10104	宋育成	0931-234-567	新北市新莊區中正路300號	off
10201	侯映竹	0932-345-678	新北市中和區中山路二段150號	off
10202	柯家瑜	0933-456-789	新北市永和區永和路一段100號	off
10203	戴智謙	0934-567-890	新北市三重區重新路五段50號	off
10204	賴怡君	0935-678-901	新北市新店區北新路三段250號	off
10205	阮俊霖	0936-789-012	新北市土城區中央路四段80號	off
10206	江芷安	0937-890-123	新北市蘆洲區中山一路60號	off
10301	卓宇航	0938-901-234	新北市汐止區大同路一段180號	off
10302	吳沛倫	0939-012-345	新北市淡水區中正東路二段90號	off
10303	姜彥儒	0952-123-456	新北市三峽區學成路120號	off
10304	錢語涵	0953-234-567	新北市林口區文化三路一段70號	off
10401	湯宥儀	0954-345-678	新北市鶯歌區鶯桃路30號	off
10402	熊芷柔	0955-456-789	新北市樹林區中華路150號	off
10403	謝承恩	0956-567-890	新北市泰山區明志路二段110號	off
10501	宋麗婷	0957-678-901	新北市五股區成泰路一段140號	off
10502	王柏宇	0958-789-012	新北市八里區龍米路一段50號	off
10503	鍾心妤	0959-890-123	新北市瑞芳區明燈路三段60號	off
10504	蔡岳霖	0960-901-234	新北市深坑區北深路三段70號	off
10601	楊欣欣	0961-012-345	新北市石碇區隆盛街20號	off
10602	李子誠	0962-123-456	新北市坪林區水柳腳路10號	off
10603	張奕柔	0963-234-567	新北市三芝區淡金路三段100號	off
10604	陳冠宇	0964-345-678	新北市石門區中山路50號	off
10701	林詩涵	0965-456-789	新北市雙溪區文化路30號	off
10702	王昕妍	0966-567-890	新北市貢寮區福隆街40號	off
10703	劉柏翰	0967-678-901	新北市金山區中正路200號	off
10704	許雅筑	0968-789-012	新北市萬里區瑪鋉路60號	off
10705	楊志豪	0969-890-123	新北市烏來區新烏路一段90號	off
10801	鄭品萱	0970-901-234	基隆市中正區北寧路100號	off
10802	蔡宇恩	0971-012-345	基隆市七堵區明德一路80號	off
10803	劉冠宏	0972-123-456	基隆市暖暖區暖暖街120號	on
10804	戴佑安	0973-234-567	基隆市仁愛區愛三路50號	on
10901	范永為	0974-345-678	基隆市中山區中山一路70號	on
10902	林子萱	0975-456-789	基隆市安樂區基金一路90號	on
10903	許哲韋	0976-567-890	基隆市信義區東信路60號	off
10904	鄧志遠	0977-678-901	台北市中正區博愛路150號	on
10905	黃利鈞	0978-789-012	台北市大安區仁愛路四段200號	on
11001	郭彥杰	0979-890-123	台北市松山區光復北路180號	off
11002	郭彥祥	0980-901-234	台北市信義區吳興街220號	off
11003	曹博淵	0981-012-345	台北市士林區福華路130號	off
11004	許永軍	0982-123-456	台北市北投區石牌路二段140號	on
11101	陳竟堂	0983-234-567	台北市內湖區成功路四段160號	off
11102	黃子維	0984-345-678	台北市南港區南港路三段170號	off
11103	林佳穎	0985-456-789	台北市文山區木新路二段180號	on
11104	毛可嘉	0986-567-890	台北市萬華區和平西路三段190號	on
11201	陳建成	0987-678-901	新北市板橋區文化路一段210號	on
11202	藍博君	0988-789-012	新北市新莊區思源路220號	off
11203	郭立明	0989-890-123	新北市中和區景平路230號	on
11204	謝浩宇	0990-901-234	新北市永和區中正路240號	on
11301	楊靜宇	0991-012-345	新北市三重區三和路四段250號	on
11302	陳宜捷	0992-123-456	新北市新店區安康路三段260號	on
11303	鄧以承	0993-234-567	新北市土城區學府路一段270號	on
11304	郭其偉	0994-345-678	新北市蘆洲區長榮路280號	on
\.


--
-- Data for Name: mentor_shift; Type: TABLE DATA; Schema: public; Owner: nia
--

COPY public.mentor_shift (shift, mentor_id) FROM stdin;
1	10905
1	10902
1	10901
1	11204
2	10803
2	10902
2	11301
2	11304
3	10804
3	10905
3	11301
3	11304
4	10804
4	11104
4	11203
4	11103
5	10904
5	10803
5	10902
5	10901
5	11303
6	10804
6	10905
6	11004
6	11104
7	11103
7	10803
7	11201
7	11303
7	11302
\.


--
-- Data for Name: parent; Type: TABLE DATA; Schema: public; Owner: nia
--

COPY public.parent (parent_name, parent_tel, student_id) FROM stdin;
陳淑芬	0953860382	s_2021001
張雅立	0911180069	s_2021002
許晴惠	0934008243	s_2021003
陳芳郁	0923610163	s_2021004
劉忠立	0928193605	s_2021005
陳力行	0974161928	s_2021006
楊天強	0966964863	s_2021007
李瑩珍	0981817900	s_2021008
吳家豪	0965397063	s_2021009
王雅惠	0946766011	s_2021010
吳雅惠	0912197579	s_2021011
黃家豪	0969048397	s_2021012
李佩珊	0983475948	s_2021013
楊建國	0940229452	s_2021014
張淑芬	0964570661	s_2021015
劉佩珊	0989775282	s_2021016
黃國強	0979619973	s_2021017
吳雅惠	0980201665	s_2021018
蔡佩珊	0918880224	s_2021019
蔡雅惠	0998302215	s_2021020
蔡志明	0927036288	s_2021021
李美麗	0968025091	s_2021022
張家豪	0938973428	s_2021023
劉俊傑	0953423028	s_2021024
蔡怡君	0913528853	s_2021025
吳俊傑	0936669776	s_2021026
林怡君	0958964763	s_2021027
王家豪	0979435410	s_2021028
張淑芬	0914165231	s_2021029
張美麗	0917882145	s_2021030
吳建國	0982752735	s_2021031
蔡俊傑	0975427062	s_2021032
李俊傑	0955685132	s_2021033
林怡君	0953194495	s_2021034
劉淑芬	0967043668	s_2021035
張美麗	0985650546	s_2021036
劉佩珊	0917603367	s_2021037
劉美麗	0939420552	s_2021038
張淑芬	0932252682	s_2021039
蔡家豪	0969294698	s_2021040
李志明	0982648325	s_2021041
蔡美麗	0955290845	s_2021042
黃家豪	0962986918	s_2021043
蔡佩珊	0945797711	s_2021044
林家豪	0926967033	s_2021045
蔡建國	0974992076	s_2021046
楊雅惠	0928860204	s_2021047
陳怡君	0998682384	s_2021048
楊雅惠	0950862620	s_2021049
王淑芬	0966463424	s_2021050
黃俊傑	0980820919	s_2021051
張志明	0954376806	s_2021052
楊建國	0960937224	s_2021053
楊俊傑	0978170227	s_2021054
楊怡君	0928929702	s_2021055
陳俊傑	0958564163	s_2021056
吳家豪	0928462385	s_2021057
吳美麗	0986254539	s_2021058
張志明	0934549281	s_2021059
蔡美麗	0979240378	s_2021060
王家豪	0940754276	s_2021061
李國強	0927486620	s_2021062
黃家豪	0992515294	s_2021063
陳俊傑	0915973560	s_2021064
林建國	0953816037	s_2021065
王家豪	0938140224	s_2021066
林佩珊	0913920062	s_2021067
陳俊傑	0920035349	s_2021068
林佩珊	0940966211	s_2021069
劉俊傑	0916051046	s_2021070
楊家豪	0926942243	s_2021071
張美麗	0994954626	s_2021072
吳俊傑	0979438529	s_2021073
劉家豪	0944922082	s_2021074
林國強	0963230755	s_2021075
楊俊傑	0925442507	s_2021076
王志明	0927066374	s_2021077
王佩珊	0944948005	s_2021078
黃建國	0942670564	s_2021079
張美麗	0933894539	s_2021080
楊建國	0951890708	s_2021081
黃淑芬	0997067789	s_2021082
黃建國	0941637761	s_2021083
黃怡君	0950910492	s_2021084
楊建國	0925781048	s_2021085
張怡君	0916490752	s_2021086
張建國	0967930017	s_2021087
楊俊傑	0982817778	s_2021088
劉雅惠	0925680090	s_2021089
張佩珊	0983094044	s_2021090
蔡怡君	0915243354	s_2021091
李建國	0985587834	s_2021092
王俊傑	0962487977	s_2021093
林雅惠	0989595507	s_2021094
李俊傑	0958427164	s_2021095
李美麗	0975402199	s_2021096
劉怡君	0977370522	s_2021097
蔡俊傑	0996688593	s_2021098
李美麗	0979170000	s_2021099
王美麗	0966005825	s_2021100
張雅惠	0968095082	s_2021101
張淑芬	0937322280	s_2021102
劉建國	0924093100	s_2021103
劉建國	0944356443	s_2021104
劉志明	0941970950	s_2021105
林國強	0923807228	s_2021106
張俊傑	0958452050	s_2021107
黃國強	0917579675	s_2021108
楊怡君	0933961292	s_2021109
陳志明	0997845483	s_2021110
王美麗	0956042761	s_2021111
劉俊傑	0981338792	s_2021112
楊建國	0958456073	s_2021113
陳俊傑	0910800039	s_2021114
劉志明	0922150888	s_2021115
劉志明	0977354947	s_2021116
陳國強	0959820027	s_2021117
吳佩珊	0989237930	s_2021118
張雅惠	0944110404	s_2021119
王美麗	0995032837	s_2021120
陳雅惠	0998495519	s_2021121
劉志明	0954606368	s_2021122
王家豪	0951579810	s_2021123
吳佩珊	0959287225	s_2021124
黃建國	0995858656	s_2021125
蔡怡君	0915268287	s_2021126
林建國	0960874191	s_2021127
張家豪	0938172017	s_2021128
陳建國	0995885618	s_2021129
林淑芬	0969795323	s_2021130
王建國	0946207143	s_2021131
林國強	0952353720	s_2021132
張美麗	0961720870	s_2021133
林家豪	0962975864	s_2021134
吳國強	0970063891	s_2021135
李家豪	0946086053	s_2021136
林志明	0931090020	s_2021137
黃家豪	0925404676	s_2021138
張志明	0917925590	s_2021139
張俊傑	0947556600	s_2021140
李志明	0934790032	s_2021141
王國強	0937156058	s_2021142
劉國強	0914361907	s_2021143
張佩珊	0920805707	s_2021144
蔡俊傑	0962133107	s_2021145
黃國強	0976531181	s_2021146
蔡淑芬	0987453952	s_2021147
陳淑芬	0912456922	s_2021148
楊俊傑	0934995866	s_2021149
蔡建國	0915185451	s_2021150
李建國	0922621044	s_2021151
楊國強	0933201222	s_2021152
楊佩珊	0996047024	s_2021153
林家豪	0967840836	s_2021154
張志明	0921080954	s_2021155
吳俊傑	0994093830	s_2021156
劉美麗	0949274151	s_2021157
陳怡君	0935504538	s_2021158
吳怡君	0946211588	s_2021159
李雅惠	0981934592	s_2021160
劉建國	0913870387	s_2021161
吳怡君	0940180898	s_2021162
林建國	0988399421	s_2021163
蔡怡君	0921691123	s_2021164
劉建國	0927318371	s_2021165
劉美麗	0913265818	s_2021166
王家豪	0928627848	s_2021167
林家豪	0992991074	s_2022001
黃淑芬	0916502859	s_2022002
陳志明	0981220147	s_2022003
劉怡君	0959860296	s_2022004
蔡美麗	0954103390	s_2022005
林國強	0916749022	s_2022006
王雅惠	0991289745	s_2022007
黃美麗	0996438264	s_2022008
黃國強	0946591971	s_2022009
吳美麗	0944095702	s_2022010
陳國強	0992110488	s_2022011
吳家豪	0950378748	s_2022012
王美麗	0950696056	s_2022013
李家豪	0998379226	s_2022014
吳美麗	0950998928	s_2022015
吳俊傑	0928984850	s_2022016
陳家豪	0926250016	s_2022017
楊美麗	0929218346	s_2022018
黃志明	0917402055	s_2022019
王志明	0989856962	s_2022020
楊淑芬	0969680080	s_2022021
林淑芬	0960551617	s_2022022
林雅惠	0990587115	s_2022023
王俊傑	0951716375	s_2022024
張俊傑	0967039614	s_2022025
劉國強	0959870220	s_2022026
黃志明	0948033247	s_2022027
黃淑芬	0928274676	s_2022028
楊雅惠	0933184015	s_2022029
張國強	0943740554	s_2022030
黃佩珊	0935776882	s_2022031
劉志明	0998308993	s_2022032
李雅惠	0939134368	s_2022033
楊志明	0939965207	s_2022034
陳國強	0980139876	s_2022035
張俊傑	0953908456	s_2022036
張家豪	0971329466	s_2022037
吳國強	0988999240	s_2022038
陳怡君	0933143753	s_2022039
陳國強	0963963428	s_2022040
王美麗	0975070010	s_2022041
蔡淑芬	0919983563	s_2022042
李俊傑	0937441892	s_2022043
陳家豪	0989646152	s_2022044
李佩珊	0927721159	s_2022045
楊志明	0987351883	s_2022046
吳家豪	0961467682	s_2022047
劉志明	0968449132	s_2022048
楊美麗	0951128432	s_2022049
吳怡君	0928917670	s_2022050
李怡君	0920021055	s_2022051
王佩珊	0963635053	s_2022052
黃怡君	0998734630	s_2022053
黃建國	0923820573	s_2022054
吳怡君	0996070650	s_2022055
王國強	0993564956	s_2022056
黃國強	0926500116	s_2022057
林淑芬	0940409543	s_2022058
林淑芬	0968910183	s_2022059
楊建國	0915024079	s_2022060
蔡家豪	0978257511	s_2022061
王淑芬	0910426517	s_2022062
王志明	0913968236	s_2022063
林志明	0992562344	s_2022064
林雅惠	0923867322	s_2022065
李佩珊	0970165321	s_2022066
張雅惠	0973805827	s_2022067
張建國	0948480276	s_2022068
劉佩珊	0917740997	s_2022069
林家豪	0986138335	s_2022070
李怡君	0934567496	s_2022071
楊志明	0979853381	s_2022072
劉美麗	0937839115	s_2022073
劉怡君	0971844633	s_2022074
王雅惠	0945286655	s_2022075
林俊傑	0916395434	s_2022076
陳建國	0913993703	s_2022077
張淑芬	0973265810	s_2022078
王佩珊	0958113773	s_2022079
林家豪	0978777136	s_2022080
劉怡君	0974493480	s_2022081
黃美麗	0920497017	s_2022082
李俊傑	0955079604	s_2022083
王怡君	0969160631	s_2022084
李雅惠	0933676057	s_2022085
蔡怡君	0977322603	s_2022086
王雅惠	0912453582	s_2022087
吳佩珊	0955022440	s_2022088
林建國	0960350418	s_2022089
黃美麗	0910951689	s_2022090
黃佩珊	0985818134	s_2022091
楊美麗	0928265750	s_2022092
楊怡君	0945467840	s_2022093
王家豪	0958825960	s_2022094
吳美麗	0978379557	s_2022095
王家豪	0951022895	s_2022096
林佩珊	0918240612	s_2022097
劉國強	0933345573	s_2022098
蔡雅惠	0932060147	s_2022099
王建國	0950534530	s_2022100
林建國	0935631085	s_2022101
王俊傑	0976473177	s_2022102
劉雅惠	0962478257	s_2022103
蔡佩珊	0978166573	s_2022104
林家豪	0971316579	s_2022105
陳淑芬	0987415650	s_2022106
蔡佩珊	0917276326	s_2022107
林美麗	0969279586	s_2022108
黃佩珊	0988650346	s_2022109
劉俊傑	0958422570	s_2022110
劉俊傑	0921716039	s_2022111
李家豪	0961872271	s_2022112
楊志明	0990297535	s_2022113
吳國強	0935494523	s_2022114
張淑芬	0956892301	s_2022115
楊淑芬	0934279934	s_2022116
李志明	0976924320	s_2022117
劉志明	0917208050	s_2022118
楊俊傑	0977926565	s_2022119
蔡美麗	0982570172	s_2022120
王家豪	0944346889	s_2022121
張家豪	0948066618	s_2022122
張志明	0963787266	s_2022123
張美麗	0938494980	s_2022124
蔡建國	0936510857	s_2022125
林淑芬	0971476269	s_2022126
楊佩珊	0917737091	s_2022127
黃家豪	0933476770	s_2022128
張美麗	0943869513	s_2022129
李志明	0910781867	s_2022130
楊建國	0965327209	s_2022131
陳美麗	0915947899	s_2022132
林家豪	0971331595	s_2022133
蔡國強	0947206122	s_2022134
張雅惠	0998598480	s_2022135
黃雅惠	0965259967	s_2022136
楊志明	0955289628	s_2022137
陳家豪	0974302982	s_2022138
陳志明	0980454974	s_2022139
李俊傑	0987131482	s_2022140
蔡家豪	0948538984	s_2022141
楊美麗	0918251665	s_2022142
李國強	0936417709	s_2022143
黃雅惠	0968488873	s_2022144
蔡佩珊	0962833076	s_2022145
楊俊傑	0968958941	s_2022146
林家豪	0944745832	s_2022147
陳佩珊	0938661423	s_2022148
蔡雅惠	0936952510	s_2022149
張雅惠	0980537058	s_2022150
李美麗	0990640328	s_2022151
劉佩珊	0942602824	s_2022152
劉美麗	0938280284	s_2022153
陳雅惠	0961414278	s_2022154
李怡君	0938593783	s_2022155
陳俊傑	0993572380	s_2022156
蔡淑芬	0995447034	s_2022157
蔡建國	0975792606	s_2022158
楊佩珊	0926864083	s_2022159
黃雅惠	0955346684	s_2022160
吳淑芬	0915858721	s_2022161
張家豪	0910796721	s_2022162
張美麗	0969773930	s_2022163
張志明	0920794872	s_2022164
陳國強	0939924022	s_2022165
劉淑芬	0923775300	s_2022166
劉俊傑	0976771413	s_2022167
陳建國	0938969621	s_2022168
吳家豪	0980721276	s_2022169
林家豪	0967089217	s_2022170
楊雅惠	0921890845	s_2022171
劉佩珊	0996409459	s_2022172
林家豪	0916461672	s_2022173
劉家豪	0984882251	s_2022174
劉雅惠	0915383328	s_2022175
蔡淑芬	0969472286	s_2022176
林志明	0965830627	s_2022177
陳佩珊	0972231104	s_2022178
林志明	0985796375	s_2022179
林佩珊	0971527085	s_2022180
李雅惠	0966969196	s_2022181
劉怡君	0970695010	s_2022182
李國強	0933490384	s_2022183
劉佩珊	0982022599	s_2022184
黃美麗	0966482443	s_2022185
劉雅惠	0938285057	s_2022186
楊佩珊	0989866340	s_2022187
黃建國	0933742013	s_2022188
王家豪	0986788636	s_2022189
吳國強	0916140754	s_2022190
楊家豪	0932005360	s_2022191
林俊傑	0993533747	s_2022192
王國強	0914068391	s_2022193
黃建國	0930305089	s_2022194
李雅惠	0933195492	s_2022195
王雅惠	0922077648	s_2022196
黃俊傑	0913145899	s_2022197
林雅惠	0983439135	s_2022198
蔡佩珊	0913091771	s_2022199
陳淑芬	0925830429	s_2022200
陳國強	0955741114	s_2022201
黃怡君	0970761399	s_2022202
楊建國	0929314922	s_2022203
張佩珊	0920357828	s_2022204
劉俊傑	0960065642	s_2022205
陳建國	0954877913	s_2022206
張美麗	0946881428	s_2022207
李雅惠	0950994848	s_2022208
林家豪	0955457871	s_2022209
王雅惠	0925383078	s_2022210
陳美麗	0979458318	s_2022211
李志明	0970796724	s_2022212
楊建國	0959891888	s_2022213
劉家豪	0928597532	s_2022214
林淑芬	0981474448	s_2022215
楊志明	0977477599	s_2022216
劉雅惠	0951499659	s_2022217
陳俊傑	0994008319	s_2022218
李美麗	0998197056	s_2022219
張國強	0946506726	s_2022220
劉美麗	0987673064	s_2022221
蔡怡君	0950474839	s_2022222
楊淑芬	0993477650	s_2022223
李佩珊	0989378149	s_2022224
陳怡君	0987559119	s_2022225
楊志明	0984384549	s_2022226
黃志明	0931404272	s_2022227
王志明	0924312566	s_2022228
劉建國	0982931683	s_2022229
楊志明	0954727358	s_2022230
楊佩珊	0922092313	s_2022231
李國強	0993810171	s_2022232
劉志明	0918426201	s_2022233
李志明	0949152816	s_2022234
李建國	0988070162	s_2022235
林佩珊	0924482577	s_2022236
王美麗	0928652980	s_2022237
陳國強	0961718599	s_2022238
王雅惠	0918777164	s_2022239
林國強	0930899694	s_2022240
張淑芬	0957670620	s_2022241
陳美麗	0969328424	s_2022242
吳淑芬	0950329839	s_2022243
劉雅惠	0942741739	s_2022244
黃家豪	0936569754	s_2022245
陳俊傑	0991754995	s_2022246
林淑芬	0927067549	s_2022247
吳淑芬	0945075464	s_2022248
王國強	0915023879	s_2022249
王家豪	0972777782	s_2022250
蔡志明	0963573259	s_2022251
吳俊傑	0965979485	s_2022252
張俊傑	0955544228	s_2022253
陳怡君	0920258054	s_2022254
李國強	0958696552	s_2022255
李志明	0925783349	s_2022256
王佩珊	0980468574	s_2022257
吳俊傑	0955864384	s_2022258
蔡建國	0987834253	s_2022259
吳雅惠	0968340328	s_2022260
張建國	0943094574	s_2022261
王俊傑	0930736757	s_2022262
楊俊傑	0991525621	s_2022263
張國強	0963323322	s_2022264
陳美麗	0967218491	s_2022265
劉建國	0940337315	s_2022266
蔡建國	0913031637	s_2022267
王美麗	0927724487	s_2022268
劉美麗	0968326076	s_2022269
林淑芬	0991219195	s_2022270
吳俊傑	0912409788	s_2022271
楊雅惠	0925923052	s_2022272
陳家豪	0910882531	s_2022273
陳怡君	0970035753	s_2022274
黃國強	0916345464	s_2022275
吳家豪	0925586460	s_2022276
吳雅惠	0979328026	s_2022277
楊建國	0924666132	s_2022278
楊建國	0969963648	s_2022279
吳雅惠	0912479939	s_2022280
林國強	0967373730	s_2022281
楊雅惠	0988136314	s_2022282
黃雅惠	0968349513	s_2022283
楊俊傑	0994899434	s_2022284
張國強	0937017799	s_2022285
張家豪	0940203437	s_2022286
陳建國	0969549540	s_2022287
張俊傑	0998021095	s_2022288
張淑芬	0998679564	s_2022289
李國強	0939407583	s_2022290
張美麗	0982973581	s_2022291
張志明	0961133224	s_2022292
吳建國	0930398981	s_2022293
蔡家豪	0971401019	s_2022294
陳家豪	0917287700	s_2022295
吳雅惠	0926794605	s_2022296
劉建國	0957705592	s_2022297
吳淑芬	0931089379	s_2022298
王雅惠	0914235472	s_2022299
劉怡君	0926671988	s_2022300
陳美麗	0971965868	s_2022301
楊美麗	0924319828	s_2022302
黃雅惠	0936713661	s_2022303
吳國強	0943762240	s_2022304
蔡建國	0994536753	s_2022305
陳俊傑	0970034602	s_2022306
劉美麗	0983918142	s_2022307
吳美麗	0980001222	s_2022308
蔡家豪	0913839730	s_2022309
黃佩珊	0950014638	s_2022310
張雅惠	0988059708	s_2022311
蔡雅惠	0978019704	s_2022312
李雅惠	0976858101	s_2022313
李淑芬	0949113076	s_2022314
張佩珊	0974326532	s_2022315
黃怡君	0930566383	s_2022316
陳志明	0992492133	s_2022317
林淑芬	0922887745	s_2022318
劉雅惠	0950665272	s_2022319
蔡國強	0918273874	s_2022320
黃淑芬	0920901343	s_2022321
劉佩珊	0923951260	s_2022322
王建國	0992694083	s_2022323
陳佩珊	0919419658	s_2022324
張雅惠	0992125773	s_2022325
李雅惠	0977258345	s_2022326
王俊傑	0940987394	s_2022327
李建國	0941143642	s_2022328
李淑芬	0988765627	s_2022329
蔡建國	0991611501	s_2022330
劉國強	0964747878	s_2022331
吳雅惠	0959263316	s_2022332
吳美麗	0940838233	s_2022333
林美麗	0943847498	s_2022334
王俊傑	0929216629	s_2022335
蔡美麗	0959272279	s_2022336
林怡君	0985514538	s_2022337
蔡佩珊	0927924746	s_2022338
劉志明	0991298212	s_2022339
黃家豪	0970244550	s_2022340
蔡國強	0989764328	s_2022341
黃美麗	0967152451	s_2022342
黃怡君	0945119671	s_2022343
張佩珊	0988744931	s_2022344
劉家豪	0941975805	s_2022345
林怡君	0948054270	s_2023001
張怡君	0917361384	s_2023002
王建國	0952699186	s_2023003
李淑芬	0967438148	s_2023004
陳志明	0997669975	s_2023005
張建國	0932060715	s_2023006
黃佩珊	0936800638	s_2023007
黃怡君	0911168339	s_2023008
楊佩珊	0968414076	s_2023009
張國強	0910523508	s_2023010
林建國	0949915084	s_2023011
劉家豪	0956358510	s_2023012
吳美麗	0943060820	s_2023013
李雅惠	0946919366	s_2023014
王志明	0917394772	s_2023015
蔡建國	0926432614	s_2023016
黃怡君	0954077135	s_2023017
楊俊傑	0993940128	s_2023018
王俊傑	0989314972	s_2023019
王美麗	0912948784	s_2023020
林家豪	0948882851	s_2023021
吳怡君	0965624452	s_2023022
蔡家豪	0924835372	s_2023023
林怡君	0940937526	s_2023024
林志明	0991872995	s_2023025
楊國強	0949789142	s_2023026
蔡國強	0925527175	s_2023027
吳家豪	0932642127	s_2023028
張志明	0986956921	s_2023029
陳淑芬	0951466153	s_2023030
王佩珊	0946894789	s_2023031
吳建國	0987518441	s_2023032
林俊傑	0949399354	s_2023033
黃怡君	0973586503	s_2023034
陳怡君	0929616351	s_2023035
張國強	0947069343	s_2023036
黃怡君	0973573596	s_2023037
林國強	0958595822	s_2023038
李俊傑	0973719811	s_2023039
王國強	0925703497	s_2023040
黃家豪	0959757452	s_2023041
王建國	0929180651	s_2023042
王建國	0957324063	s_2023043
王建國	0985769591	s_2023044
李美麗	0975435870	s_2023045
蔡家豪	0934465112	s_2023046
林怡君	0994705225	s_2023047
李志明	0917292941	s_2023048
張雅惠	0955871588	s_2023049
林雅惠	0954452115	s_2023050
陳俊傑	0929635138	s_2023051
李雅惠	0947714024	s_2023052
陳怡君	0957794480	s_2023053
林怡君	0970490843	s_2023054
張淑芬	0934778319	s_2023055
張雅惠	0945124321	s_2023056
王家豪	0915977504	s_2023057
劉國強	0950347142	s_2023058
張俊傑	0964376936	s_2023059
李家豪	0997401835	s_2023060
蔡怡君	0911058295	s_2023061
王淑芬	0942682304	s_2023062
楊俊傑	0994464391	s_2023063
吳家豪	0954628801	s_2023064
陳淑芬	0926537001	s_2023065
吳志明	0983770775	s_2023066
吳建國	0926666514	s_2023067
林雅惠	0963488044	s_2023068
吳美麗	0926168241	s_2023069
吳美麗	0990000262	s_2023070
張志明	0967052259	s_2023071
蔡國強	0934081843	s_2023072
林佩珊	0947084905	s_2023073
蔡建國	0911005132	s_2023074
蔡佩珊	0917069359	s_2023075
林俊傑	0974836935	s_2023076
楊雅惠	0992785423	s_2023077
陳美麗	0986099040	s_2023078
楊家豪	0938824808	s_2023079
楊美麗	0972568685	s_2023080
林家豪	0910736529	s_2023081
陳俊傑	0935591163	s_2023082
吳佩珊	0977200876	s_2023083
黃怡君	0916314959	s_2023084
李美麗	0933238764	s_2023085
黃國強	0945835678	s_2023086
吳國強	0962680454	s_2023087
張建國	0944137468	s_2023088
楊建國	0993256086	s_2023089
李佩珊	0933126512	s_2023090
王美麗	0914607373	s_2023091
蔡淑芬	0922127070	s_2023092
劉雅惠	0993592998	s_2023093
劉怡君	0981584464	s_2023094
劉俊傑	0990334997	s_2023095
吳怡君	0994605539	s_2023096
林淑芬	0915673670	s_2023097
李建國	0984422045	s_2023098
張淑芬	0925054476	s_2023099
楊怡君	0911690842	s_2023100
王怡君	0990925911	s_2023101
楊建國	0973354897	s_2023102
黃雅惠	0976857433	s_2023103
林建國	0953128100	s_2023104
王佩珊	0921793258	s_2023105
吳俊傑	0943147942	s_2023106
王建國	0970950834	s_2023107
吳家豪	0935834924	s_2023108
王國強	0971269761	s_2023109
陳怡君	0982856754	s_2023110
張建國	0958379140	s_2023111
黃淑芬	0924116549	s_2023112
蔡國強	0929465304	s_2023113
張國強	0922349146	s_2023114
楊家豪	0925852300	s_2023115
楊淑芬	0941874432	s_2023116
李家豪	0929490579	s_2023117
楊雅惠	0945351089	s_2023118
陳美麗	0950820654	s_2023119
黃佩珊	0926120233	s_2023120
吳怡君	0927294871	s_2023121
楊怡君	0990710756	s_2023122
吳怡君	0945610998	s_2023123
李美麗	0971009459	s_2023124
王家豪	0967146800	s_2023125
王淑芬	0974836414	s_2023126
蔡怡君	0935845038	s_2023127
陳佩珊	0961047111	s_2023128
陳志明	0923684097	s_2023129
劉家豪	0969050558	s_2023130
吳淑芬	0946370227	s_2023131
王雅惠	0926024964	s_2023132
黃美麗	0925430249	s_2023133
林淑芬	0929888663	s_2023134
陳國強	0945640915	s_2023135
李國強	0967851235	s_2023136
黃家豪	0969373787	s_2023137
王國強	0942912895	s_2023138
楊志明	0957943822	s_2023139
李家豪	0990942433	s_2023140
黃國強	0925864004	s_2023141
李淑芬	0967129652	s_2023142
林志明	0934147800	s_2023143
吳志明	0956648620	s_2023144
李佩珊	0997770430	s_2023145
吳美麗	0994159891	s_2023146
蔡家豪	0912891551	s_2023147
張家豪	0915613886	s_2023148
林國強	0959887189	s_2023149
劉俊傑	0997569591	s_2023150
林俊傑	0955329249	s_2023151
王志明	0937325494	s_2023152
林雅惠	0926357195	s_2023153
陳志明	0964740051	s_2023154
林淑芬	0968750906	s_2023155
蔡怡君	0990702123	s_2023156
林家豪	0944488076	s_2023157
王建國	0924134341	s_2023158
劉國強	0937206514	s_2023159
李怡君	0997156173	s_2023160
陳美麗	0918521163	s_2023161
黃志明	0975942985	s_2023162
吳淑芬	0946865149	s_2023163
黃家豪	0917587720	s_2023164
劉建國	0965110143	s_2023165
王怡君	0953038639	s_2023166
陳美麗	0995455857	s_2023167
劉佩珊	0966534177	s_2023168
林淑芬	0971444241	s_2023169
蔡佩珊	0957070434	s_2023170
黃俊傑	0938809976	s_2023171
李佩珊	0914428768	s_2023172
林志明	0967499927	s_2023173
林淑芬	0946069086	s_2023174
陳家豪	0987329588	s_2023175
吳建國	0967910814	s_2023176
陳雅惠	0935596365	s_2023177
陳建國	0967483566	s_2023178
蔡志明	0983826138	s_2023179
楊怡君	0954397707	s_2023180
蔡怡君	0957148754	s_2023181
王美麗	0938052730	s_2023182
蔡家豪	0916786610	s_2023183
張佩珊	0978399738	s_2023184
黃雅惠	0911148675	s_2023185
劉國強	0996683075	s_2023186
李雅惠	0968586251	s_2023187
陳佩珊	0921589612	s_2023188
陳雅惠	0917903279	s_2023189
黃美麗	0971652579	s_2023190
蔡國強	0951138401	s_2023191
陳佩珊	0968352930	s_2023192
王美麗	0918037121	s_2023193
楊建國	0915911313	s_2023194
蔡淑芬	0938548665	s_2023195
李怡君	0959145850	s_2023196
劉怡君	0969341466	s_2023197
劉建國	0962956144	s_2023198
張俊傑	0949094384	s_2023199
陳俊傑	0972310351	s_2023200
陳俊傑	0968483831	s_2023201
黃國強	0983539368	s_2023202
黃建國	0975618142	s_2023203
李建國	0936514040	s_2023204
陳美麗	0964285326	s_2023205
蔡佩珊	0969428159	s_2023206
林佩珊	0956551436	s_2023207
楊志明	0976691049	s_2023208
王建國	0916495572	s_2023209
楊國強	0962022267	s_2023210
張怡君	0917177914	s_2023211
楊淑芬	0981609955	s_2023212
黃雅惠	0936520896	s_2023213
陳志明	0978376952	s_2023214
張俊傑	0988271212	s_2023215
陳家豪	0918531746	s_2023216
楊國強	0937106657	s_2023217
王家豪	0910861947	s_2023218
林美麗	0971590803	s_2023219
林俊傑	0948192702	s_2023220
黃志明	0961829054	s_2023221
李佩珊	0922452918	s_2023222
蔡俊傑	0972739384	s_2023223
李美麗	0997180420	s_2023224
王志明	0958351837	s_2023225
王建國	0945197419	s_2023226
陳怡君	0911072440	s_2023227
李怡君	0947130386	s_2023228
吳美麗	0949792999	s_2023229
王雅惠	0996135193	s_2023230
王美麗	0987862471	s_2023231
陳佩珊	0933971991	s_2023232
王怡君	0997768277	s_2023233
陳建國	0998269009	s_2023234
劉佩珊	0910585511	s_2023235
李家豪	0930232985	s_2023236
林美麗	0964408379	s_2023237
黃國強	0931571644	s_2023238
劉怡君	0970263745	s_2023239
劉怡君	0962564511	s_2023240
陳美麗	0913643189	s_2023241
楊建國	0980947555	s_2023242
張怡君	0917175568	s_2023243
張家豪	0939313229	s_2023244
王俊傑	0943402837	s_2023245
楊建國	0952219366	s_2023246
吳雅惠	0916130129	s_2023247
楊建國	0998003678	s_2023248
王佩珊	0932540652	s_2023249
王家豪	0999215235	s_2023250
楊怡君	0936412042	s_2023251
王建國	0953451219	s_2023252
黃志明	0962405126	s_2023253
黃佩珊	0967389251	s_2023254
陳佩珊	0945244344	s_2023255
吳俊傑	0932205729	s_2023256
陳家豪	0918678810	s_2023257
林怡君	0994635001	s_2023258
劉美麗	0952560634	s_2023259
張家豪	0912203480	s_2023260
蔡建國	0945841305	s_2023261
李志明	0935803462	s_2023262
楊美麗	0951882309	s_2023263
劉建國	0986548849	s_2023264
楊淑芬	0956862160	s_2023265
劉淑芬	0928519897	s_2023266
王志明	0912861099	s_2023267
蔡怡君	0926068878	s_2023268
林怡君	0935912119	s_2023269
王俊傑	0976325354	s_2023270
王建國	0983101733	s_2023271
李俊傑	0954739502	s_2023272
王淑芬	0933918782	s_2023273
劉國強	0912361508	s_2023274
林佩珊	0999393939	s_2023275
吳淑芬	0930470454	s_2023276
楊淑芬	0998852158	s_2023277
王家豪	0951609958	s_2023278
劉國強	0975684620	s_2023279
張俊傑	0926595904	s_2023280
林建國	0992824815	s_2023281
黃國強	0960345789	s_2023282
李美麗	0984519027	s_2023283
吳怡君	0914641866	s_2023284
劉志明	0954104894	s_2023285
王家豪	0950323735	s_2023286
李國強	0924979710	s_2023287
劉美麗	0929665933	s_2023288
吳志明	0911165227	s_2023289
吳國強	0985766033	s_2023290
林雅惠	0924551542	s_2023291
李雅惠	0946588766	s_2023292
李美麗	0918267766	s_2023293
王俊傑	0995269004	s_2023294
蔡建國	0988856463	s_2023295
林俊傑	0982534361	s_2023296
蔡俊傑	0963413203	s_2023297
劉建國	0935206838	s_2023298
楊家豪	0960002349	s_2023299
林建國	0976017949	s_2023300
吳美麗	0958003175	s_2023301
黃建國	0929558529	s_2023302
楊建國	0949770503	s_2023303
吳家豪	0979556094	s_2023304
林家豪	0984456544	s_2023305
吳志明	0941025138	s_2023306
黃美麗	0999768947	s_2023307
蔡俊傑	0998382896	s_2023308
李國強	0972209630	s_2023309
王志明	0977295977	s_2023310
劉美麗	0975525406	s_2023311
黃建國	0933279874	s_2023312
陳佩珊	0949909580	s_2023313
林雅惠	0917945552	s_2023314
李俊傑	0991056542	s_2023315
林雅惠	0944594747	s_2023316
楊俊傑	0933451370	s_2023267
張志明	0976848236	s_2023268
陳建國	0984431398	s_2023269
吳志明	0947526063	s_2023270
張淑芬	0964195147	s_2023271
李佩珊	0999704964	s_2023272
林雅惠	0957331946	s_2023273
李志明	0990895201	s_2023274
蔡雅惠	0922780918	s_2023275
劉佩珊	0940320523	s_2023276
楊家豪	0977256252	s_2023277
楊國強	0943728563	s_2023278
楊美麗	0976626367	s_2023279
張美麗	0937055485	s_2023280
劉佩珊	0919650286	s_2023281
李淑芬	0961704109	s_2023282
楊雅惠	0916695816	s_2023283
劉淑芬	0983996931	s_2023284
黃建國	0959432251	s_2023285
李國強	0987533237	s_2023286
王雅惠	0933262991	s_2023287
陳美麗	0929962606	s_2023288
陳建國	0918663960	s_2023289
林欣慧	0923834759	s_2023290
黃理國	0957839416	s_2023291
\.


--
-- Data for Name: reservation; Type: TABLE DATA; Schema: public; Owner: nia
--

COPY public.reservation ("time", student_id, mentor_id) FROM stdin;
2022-11-25 01:51:32	s_2022027	10904
2023-04-25 07:16:09	s_2023067	10803
2022-03-14 21:34:52	s_2022011	11204
2022-10-27 15:38:45	s_2022157	11104
2021-03-01 01:53:22	s_2021016	10901
2023-05-14 11:54:42	s_2023008	11201
2021-12-27 10:30:57	s_2021155	11204
2021-03-29 09:04:57	s_2021131	10901
2023-01-16 02:41:44	s_2023105	10905
2021-04-24 10:46:55	s_2021039	10905
2022-11-17 23:30:05	s_2022094	10804
2022-10-04 05:43:19	s_2022111	10803
2023-04-18 14:42:21	s_2023061	11304
2022-04-25 03:41:28	s_2022001	10902
2021-02-10 10:21:37	s_2021135	10905
2023-01-29 13:49:50	s_2023153	11103
2021-02-21 11:06:20	s_2021057	11302
2023-06-03 08:14:02	s_2023089	11004
2023-04-10 19:28:06	s_2023027	11204
2022-01-06 08:47:09	s_2022091	11203
2021-09-11 22:45:46	s_2021148	11004
2021-06-14 00:23:33	s_2021142	10901
2023-09-09 08:27:30	s_2023042	11104
2023-10-30 09:14:38	s_2023002	10901
2023-10-29 04:02:13	s_2023147	11302
2023-11-01 23:46:01	s_2023062	11304
2022-10-03 05:07:19	s_2022113	10902
2023-09-02 11:14:58	s_2023008	10804
2021-01-08 20:57:17	s_2021118	11303
2021-08-06 12:42:54	s_2021104	10904
2021-11-18 01:01:39	s_2021059	11104
2023-12-09 20:33:16	s_2023159	11104
2022-05-09 01:42:11	s_2022145	10901
2021-09-19 21:34:40	s_2021073	11303
2022-04-13 09:13:47	s_2022058	10804
2023-04-22 23:11:45	s_2023072	11004
2022-03-17 11:20:40	s_2022028	10804
2023-01-04 11:42:23	s_2023033	11304
2023-10-26 01:58:51	s_2023083	11203
2023-10-12 10:13:18	s_2023009	11104
2021-09-07 16:02:35	s_2021135	11304
2021-05-15 12:13:27	s_2021008	10905
2023-07-30 19:27:45	s_2023023	11303
2023-07-27 19:54:07	s_2023160	10804
2022-04-13 19:49:05	s_2022048	10804
2022-07-16 21:39:56	s_2022156	11004
2021-07-11 12:54:52	s_2021044	10803
2023-04-17 04:04:25	s_2023119	11204
2023-11-07 01:32:53	s_2023089	10902
2021-11-23 07:06:23	s_2021069	10902
2021-09-25 16:00:34	s_2021107	10905
2022-05-30 21:29:47	s_2022042	10905
2023-11-13 23:20:47	s_2023024	11204
2023-06-10 07:43:12	s_2023124	11104
2022-11-07 05:16:58	s_2022037	10905
2022-05-12 10:28:37	s_2022084	11103
2022-09-13 00:52:09	s_2022138	11304
2021-09-11 03:54:43	s_2021158	10905
2021-07-25 11:05:20	s_2021079	11103
2022-06-21 13:25:03	s_2022167	11304
2022-07-22 09:31:35	s_2022148	10901
2022-01-30 05:27:14	s_2022104	11302
2021-08-02 06:01:54	s_2021093	10901
2023-12-20 12:14:06	s_2023108	11304
2023-02-08 22:27:48	s_2023002	10905
2022-04-17 18:32:03	s_2022110	11201
2022-07-30 21:53:35	s_2022020	11004
2021-01-02 03:39:46	s_2021021	11104
2022-10-19 06:41:43	s_2022109	11304
2021-09-08 01:57:42	s_2021147	10804
2023-05-16 00:42:17	s_2023077	11301
2023-06-23 05:34:03	s_2023110	10904
2022-01-31 12:49:59	s_2022125	10902
2021-05-12 22:23:24	s_2021102	11301
2021-04-12 17:08:26	s_2021092	10901
2021-06-21 23:44:00	s_2021119	11204
2021-06-05 01:14:05	s_2021126	11104
2023-09-14 00:19:44	s_2023151	11103
2021-12-23 13:21:48	s_2021008	11104
2022-02-12 03:54:38	s_2022067	10804
2021-01-04 19:42:02	s_2021056	10901
2022-04-22 08:11:50	s_2022081	10901
2023-01-03 11:42:17	s_2023157	10902
2021-06-14 15:25:10	s_2021048	10901
2023-08-16 19:32:50	s_2023111	10905
2023-09-08 13:07:42	s_2023034	10904
2021-06-06 08:07:51	s_2021076	11201
2021-03-16 13:30:25	s_2021126	11301
2021-10-27 15:37:20	s_2021045	10905
2021-08-08 01:44:00	s_2021096	11302
2022-02-14 17:24:29	s_2022103	10901
2023-07-23 16:42:08	s_2023146	11303
2022-07-18 01:59:46	s_2022040	11204
2022-11-07 14:13:38	s_2022004	10905
2021-05-18 12:19:43	s_2021115	11301
2023-08-21 16:49:17	s_2023102	10905
2023-03-29 03:39:33	s_2023126	10905
2021-08-07 02:09:34	s_2021142	10905
2023-03-01 07:07:10	s_2023080	10905
2022-10-30 23:46:52	s_2022157	11303
2023-10-19 09:16:17	s_2023108	11203
2023-11-20 16:00:22	s_2023121	10902
2022-02-07 00:03:02	s_2022141	10905
2023-09-08 21:44:18	s_2023024	11303
2023-06-10 07:41:10	s_2023036	10905
2022-04-01 21:06:37	s_2022083	10902
2023-06-09 19:58:57	s_2023097	10902
2023-09-16 03:55:23	s_2023038	11004
2023-03-24 00:53:59	s_2023149	11303
2021-01-18 22:36:21	s_2021077	10902
2022-07-01 11:06:42	s_2022033	11303
2023-03-31 13:51:18	s_2023126	10902
2021-07-08 17:07:47	s_2021076	11103
2022-08-24 21:04:45	s_2022097	10804
2022-12-22 02:01:41	s_2022140	10804
2022-01-17 16:39:50	s_2022093	10901
2023-06-23 05:27:30	s_2023109	10904
2022-12-10 13:42:20	s_2022116	11004
2022-08-16 12:24:07	s_2022007	11301
2023-07-21 18:14:48	s_2023138	11303
2021-05-31 21:32:39	s_2021135	10901
2022-03-07 03:37:26	s_2022057	10901
2021-08-02 17:15:18	s_2021128	10902
2022-07-20 00:18:43	s_2022056	11301
2022-10-30 14:14:00	s_2022009	11303
2023-02-21 03:31:44	s_2023083	10902
2023-03-26 02:05:58	s_2023016	11201
2023-08-09 03:40:52	s_2023161	10905
2021-02-02 16:52:55	s_2021145	10902
2023-02-16 17:32:43	s_2023087	11104
2022-12-12 00:15:49	s_2022011	11204
2023-07-12 20:32:59	s_2023158	10804
2023-07-16 00:55:11	s_2023146	11303
2023-12-05 17:20:01	s_2023118	11304
2021-07-12 04:20:12	s_2021074	10902
2022-01-19 17:45:31	s_2022137	11301
2021-03-17 15:15:54	s_2021080	10905
2021-03-31 00:12:39	s_2021065	11301
2021-03-20 11:58:22	s_2021032	10905
2022-09-29 02:53:36	s_2022083	10804
2022-03-20 02:25:58	s_2022087	11103
2022-02-25 11:19:05	s_2022056	10904
2023-09-08 13:06:10	s_2023052	10902
2021-05-24 03:09:04	s_2021086	10902
2021-11-06 18:25:47	s_2021049	10905
2022-03-17 06:21:42	s_2022051	11103
2022-07-03 12:41:31	s_2022051	11302
2022-06-18 02:13:39	s_2022135	11004
2023-10-26 12:26:55	s_2023064	10804
2023-08-23 02:59:02	s_2023097	10804
2021-12-12 13:07:18	s_2021129	11201
2023-09-20 03:08:57	s_2023035	10804
2022-04-19 12:57:37	s_2022165	11301
2023-07-28 00:27:55	s_2023120	10803
2023-08-27 20:57:57	s_2023075	11103
2022-12-29 08:49:53	s_2022151	10804
2023-12-03 02:51:07	s_2023065	11103
2022-08-26 14:01:13	s_2022130	10901
2023-05-15 06:25:41	s_2023074	10901
2021-07-12 20:11:29	s_2021111	10905
2021-11-26 05:32:35	s_2021001	10803
2023-09-07 09:45:41	s_2023055	11203
2022-05-04 11:11:09	s_2022091	11301
2022-12-25 09:59:50	s_2022078	11302
2021-12-03 03:19:46	s_2021107	10901
2023-09-24 16:33:07	s_2023010	11302
2022-04-28 16:38:52	s_2022165	11104
2023-07-20 13:16:23	s_2023166	11104
2021-07-15 03:54:08	s_2021048	11104
2021-10-16 22:41:06	s_2021069	10804
2021-01-12 04:50:27	s_2021013	10902
2022-05-07 05:45:41	s_2022134	10905
2023-03-14 15:51:43	s_2023118	10902
2021-01-28 05:02:48	s_2021064	11203
2022-06-17 03:33:41	s_2022007	10902
2022-10-30 02:16:06	s_2022124	11201
2022-07-08 14:48:12	s_2022056	10901
2021-07-26 10:39:44	s_2021138	10902
2021-03-26 03:50:16	s_2021079	10904
2023-03-05 02:33:09	s_2023040	10803
2023-05-16 21:14:55	s_2023033	11304
2023-12-02 12:39:12	s_2023106	10804
2022-10-28 21:25:03	s_2022054	10904
2023-07-14 19:00:30	s_2023036	10902
2022-10-27 19:22:15	s_2022061	11203
2023-02-12 01:11:33	s_2023002	11302
2023-06-14 16:03:47	s_2023118	10905
2023-05-22 15:07:20	s_2023060	10905
2021-11-24 08:46:07	s_2021161	10905
2023-05-18 12:52:11	s_2023065	11104
2021-02-12 13:37:14	s_2021101	10901
2023-03-22 09:07:33	s_2023047	10905
2023-12-01 08:49:21	s_2023107	10803
2023-07-02 22:30:35	s_2023136	11302
2021-07-29 20:04:38	s_2021100	11103
2023-07-24 00:37:09	s_2023098	10905
2023-09-11 07:26:41	s_2023164	10905
2022-02-07 17:02:34	s_2022057	10901
2022-09-27 06:39:03	s_2022133	10902
2023-01-09 22:18:38	s_2023113	10905
\.


--
-- Data for Name: student; Type: TABLE DATA; Schema: public; Owner: nia
--

COPY public.student (student_id, student_name, school, grade, tel, address, status) FROM stdin;
s_2021001	劉家瑄	輔大附中	三年級	0978926651	台北市信義區松仁路50號	已離開
s_2021002	吳佳玲	板橋高中	三年級	0961968912	新北市新店區北新路三段88號	\N
s_2021003	張怡蓁	永春高中	二年級	0926099596	新北市新莊區新樹路123號	\N
s_2021004	張佳玲	基隆高中	三年級	0971096619	台北市士林區天母東路20號	\N
s_2021005	黃佳玲	南山中學	三年級	0940510086	台北市士林區天母東路20號	\N
s_2021006	王志豪	永春高中	一年級	0949037611	台北市中正區忠孝東路一段100號	\N
s_2021007	張建勳	崇右高中	三年級	0967654578	新北市新莊區新樹路123號	\N
s_2021008	王家瑄	三重高中	二年級	0978118983	新北市新莊區新樹路123號	\N
s_2021009	林雅涵	板橋高中	一年級	0929912900	新北市中和區永和路45巷15號	已離開
s_2021010	趙雅涵	三重高中	三年級	0925862230	新北市中和區永和路45巷15號	\N
s_2021011	李偉漢	華江高中	三年級	0977929425	基隆市仁愛區忠一路17號	\N
s_2021012	劉建勳	成功高中	二年級	0939915257	台北市大安區信義路四段200號	\N
s_2021013	劉怡蓁	景美女中	三年級	0947772839	新北市中和區永和路45巷15號	\N
s_2021014	張雅涵	板橋高中	三年級	0942133788	新北市板橋區中山路一段300號	\N
s_2021015	李佳玲	崇右高中	三年級	0948368077	基隆市仁愛區忠一路17號	\N
s_2021016	林雅涵	景文中學	三年級	0934117054	新北市板橋區中山路一段300號	\N
s_2021017	周建勳	海山高中	一年級	0917727219	新北市新莊區新樹路123號	\N
s_2021018	李怡蓁	永春高中	二年級	0959586178	新北市新店區北新路三段88號	\N
s_2021019	陳芳婷	輔大附中	三年級	0961949273	新北市新莊區新樹路123號	\N
s_2021020	林俊偉	內湖高中	一年級	0929702241	新北市新莊區新樹路123號	\N
s_2021021	王家豪	成功高中	二年級	0934557841	新北市板橋區中山路一段300號	\N
s_2021022	陳雅涵	崇右高中	三年級	0944679235	新北市中和區永和路45巷15號	\N
s_2021023	林家瑄	南山中學	二年級	0912879882	台北市士林區天母東路20號	\N
s_2021024	王偉漢	南山中學	一年級	0922754008	新北市板橋區中山路一段300號	\N
s_2021025	李家豪	新莊高中	二年級	0938157904	台北市大安區信義路四段200號	\N
s_2021026	劉志豪	輔大附中	三年級	0916714262	台北市大安區信義路四段200號	\N
s_2021027	陳雅涵	三重高中	三年級	0940946647	基隆市仁愛區忠一路17號	\N
s_2021028	張怡蓁	海山高中	三年級	0912958507	基隆市仁愛區忠一路17號	\N
s_2021029	陳偉漢	內湖高中	一年級	0936759919	新北市新店區北新路三段88號	\N
s_2021030	黃雅涵	輔大附中	一年級	0935453111	新北市新莊區新樹路123號	\N
s_2021031	陳建勳	三重高中	一年級	0962047168	新北市新莊區新樹路123號	\N
s_2021032	黃心妤	台北市立第一女子高級中學	三年級	0911-835-867	台北市中正區忠孝西路一段120號	\N
s_2021033	蔡思涵	新北市立新店高級中學	二年級	0911-855-228	台北市中正區忠孝西路一段120號	\N
s_2021034	黃家豪	台北市立建國高級中學	三年級	0972-394-431	新北市永和區永和路一段100號	\N
s_2021035	張昀潔	台北市立建國高級中學	二年級	0930-319-973	台北市中正區忠孝西路一段120號	\N
s_2021036	李思涵	新北市立新店高級中學	二年級	0972-768-392	基隆市仁愛區愛三路50號	\N
s_2021037	吳昀潔	基隆市立中山高級中學	二年級	0930-808-148	新北市板橋區中山路一段200號	\N
s_2021038	吳怡君	台北市立第一女子高級中學	二年級	0912-716-313	基隆市中正區北寧路100號	\N
s_2021039	吳怡君	台北市立第一女子高級中學	一年級	0911-641-730	基隆市仁愛區愛三路50號	\N
s_2021040	王昱婷	基隆市立中山高級中學	二年級	0911-880-204	新北市永和區永和路一段100號	\N
s_2021041	王心妤	台北市立第一女子高級中學	三年級	0972-779-214	新北市板橋區中山路一段200號	\N
s_2021042	蔡思涵	基隆市立中山高級中學	二年級	0952-918-848	台北市信義區松高路11號	\N
s_2021043	王志豪	台北市立第一女子高級中學	一年級	0912-673-447	新北市永和區永和路一段100號	\N
s_2021044	蔡佳穎	基隆市立中山高級中學	一年級	0911-226-106	台北市信義區松高路11號	\N
s_2021045	王冠宇	台北市立建國高級中學	二年級	0992-977-602	新北市永和區永和路一段100號	\N
s_2021046	蔡昱婷	基隆市立中山高級中學	二年級	0992-870-418	基隆市仁愛區愛三路50號	\N
s_2021047	王思涵	台北市立第一女子高級中學	三年級	0910-450-417	基隆市仁愛區愛三路50號	\N
s_2021048	張昱婷	基隆市立中山高級中學	二年級	0931-422-463	新北市板橋區中山路一段200號	\N
s_2021049	陳思涵	基隆市立中山高級中學	二年級	0930-847-615	台北市信義區松高路11號	\N
s_2021050	蔡志豪	基隆市立中山高級中學	二年級	0910-907-427	基隆市中正區北寧路100號	\N
s_2021051	張志豪	台北市立第一女子高級中學	二年級	0912-483-349	台北市中正區忠孝西路一段120號	\N
s_2021052	吳家豪	台北市立第一女子高級中學	三年級	0930-671-300	基隆市中正區北寧路100號	\N
s_2021053	林心妤	基隆市立中山高級中學	一年級	0912-888-144	新北市永和區永和路一段100號	\N
s_2021054	李志豪	基隆市立中山高級中學	二年級	0992-127-474	基隆市中正區北寧路100號	\N
s_2021055	蔡佳穎	台北市立建國高級中學	二年級	0982-237-471	台北市中正區忠孝西路一段120號	\N
s_2021056	黃柏翰	新北市立新店高級中學	三年級	0910-802-859	新北市板橋區中山路一段200號	\N
s_2021057	林佳穎	基隆市立中山高級中學	二年級	0912-427-862	基隆市中正區北寧路100號	\N
s_2021058	楊家豪	台北市立建國高級中學	二年級	0910-493-862	台北市信義區松高路11號	\N
s_2021059	王冠宇	新北市立新店高級中學	三年級	0972-514-279	台北市信義區松高路11號	\N
s_2021060	蔡志豪	台北市立建國高級中學	二年級	0992-689-933	基隆市中正區北寧路100號	\N
s_2021061	張柏翰	台北市立第一女子高級中學	一年級	0911-504-879	台北市信義區松高路11號	\N
s_2021062	李志豪	新北市立新店高級中學	三年級	0912-726-974	新北市永和區永和路一段100號	\N
s_2021063	王佳穎	基隆市立中山高級中學	二年級	0910-852-972	新北市永和區永和路一段100號	\N
s_2021064	黃志豪	基隆市立中山高級中學	一年級	0910-329-538	新北市板橋區中山路一段200號	\N
s_2021065	蔡昀潔	基隆市立中山高級中學	一年級	0952-533-471	基隆市中正區北寧路100號	\N
s_2021066	蔡怡君	新北市立新店高級中學	二年級	0931-247-347	新北市永和區永和路一段100號	\N
s_2021067	王昱婷	基隆市立中山高級中學	三年級	0912-238-587	新北市板橋區中山路一段200號	\N
s_2021068	黃佳穎	台北市立第一女子高級中學	二年級	0911-449-905	台北市信義區松高路11號	\N
s_2021069	劉家豪	新北市立新店高級中學	一年級	0930-144-911	台北市中正區忠孝西路一段120號	\N
s_2021070	劉昱婷	新北市立新店高級中學	二年級	0972-265-585	新北市板橋區中山路一段200號	\N
s_2021071	張怡君	新北市立新店高級中學	二年級	0992-342-467	基隆市中正區北寧路100號	\N
s_2021072	吳思涵	基隆市立中山高級中學	三年級	0911-157-798	基隆市仁愛區愛三路50號	\N
s_2021073	楊心妤	新北市立新店高級中學	二年級	0912-859-982	新北市永和區永和路一段100號	\N
s_2021074	陳冠宇	基隆市立中山高級中學	三年級	0982-750-982	新北市板橋區中山路一段200號	\N
s_2021075	李柏翰	台北市立第一女子高級中學	三年級	0992-597-107	基隆市中正區北寧路100號	\N
s_2021076	楊思涵	新北市立新店高級中學	三年級	0912-791-601	台北市信義區松高路11號	\N
s_2021077	林怡君	新北市立新店高級中學	二年級	0931-714-941	基隆市中正區北寧路100號	\N
s_2021078	楊志豪	新北市立新店高級中學	三年級	0911-375-267	新北市板橋區中山路一段200號	\N
s_2021079	張昱婷	台北市立第一女子高級中學	三年級	0952-733-257	基隆市中正區北寧路100號	\N
s_2021080	劉昀潔	台北市立建國高級中學	三年級	0930-546-579	台北市信義區松高路11號	\N
s_2021081	吳柏翰	台北市立第一女子高級中學	三年級	0982-193-879	台北市信義區松高路11號	\N
s_2021082	張怡君	基隆市立中山高級中學	二年級	0912-585-486	台北市中正區忠孝西路一段120號	\N
s_2021083	陳佳穎	台北市立第一女子高級中學	二年級	0910-418-229	台北市中正區忠孝西路一段120號	\N
s_2021084	陳冠宇	台北市立第一女子高級中學	一年級	0930-641-449	新北市永和區永和路一段100號	\N
s_2021085	黃昱婷	新北市立新店高級中學	二年級	0952-175-612	新北市永和區永和路一段100號	\N
s_2021086	陳志豪	新北市立新店高級中學	三年級	0912-336-344	新北市永和區永和路一段100號	\N
s_2021087	張佳穎	台北市立第一女子高級中學	三年級	0911-734-410	新北市永和區永和路一段100號	\N
s_2021088	李志豪	台北市立第一女子高級中學	二年級	0930-577-423	新北市板橋區中山路一段200號	\N
s_2021089	王思涵	台北市立第一女子高級中學	一年級	0952-173-887	台北市信義區松高路11號	\N
s_2021090	劉佳穎	新北市立新店高級中學	三年級	0912-763-510	台北市信義區松高路11號	\N
s_2021091	黃佳穎	基隆市立中山高級中學	三年級	0930-546-141	基隆市仁愛區愛三路50號	\N
s_2021092	林怡君	台北市立第一女子高級中學	二年級	0952-884-987	基隆市中正區北寧路100號	\N
s_2021093	黃心妤	台北市立建國高級中學	一年級	0952-886-263	新北市永和區永和路一段100號	\N
s_2021094	蔡昀潔	基隆市立中山高級中學	三年級	0952-987-514	台北市信義區松高路11號	\N
s_2021095	劉昱婷	新北市立新店高級中學	三年級	0992-236-661	台北市中正區忠孝西路一段120號	\N
s_2021096	黃佳穎	台北市立建國高級中學	一年級	0930-433-333	新北市板橋區中山路一段200號	\N
s_2021097	蔡家豪	台北市立建國高級中學	二年級	0912-229-480	台北市中正區忠孝西路一段120號	\N
s_2021098	林怡君	基隆市立中山高級中學	三年級	0982-476-316	新北市板橋區中山路一段200號	\N
s_2021099	張冠宇	新北市立新店高級中學	一年級	0972-548-614	台北市信義區松高路11號	\N
s_2021100	楊昱婷	新北市立新店高級中學	一年級	0910-273-843	新北市板橋區中山路一段200號	\N
s_2021101	王柏翰	台北市立第一女子高級中學	二年級	0972-428-123	台北市信義區松高路11號	\N
s_2021102	林佳穎	新北市立新店高級中學	二年級	0930-709-162	基隆市仁愛區愛三路50號	\N
s_2021103	張冠宇	新北市立新店高級中學	一年級	0972-515-631	台北市中正區忠孝西路一段120號	\N
s_2021104	劉佳穎	台北市立建國高級中學	二年級	0972-507-879	基隆市仁愛區愛三路50號	\N
s_2021105	劉志豪	新北市立新店高級中學	一年級	0912-216-108	基隆市仁愛區愛三路50號	\N
s_2021106	楊思涵	台北市立建國高級中學	三年級	0911-150-326	基隆市仁愛區愛三路50號	\N
s_2021107	林志豪	基隆市立中山高級中學	二年級	0952-170-421	新北市板橋區中山路一段200號	\N
s_2021108	林佳穎	基隆市立中山高級中學	二年級	0972-191-744	台北市中正區忠孝西路一段120號	\N
s_2021109	吳柏翰	新北市立新店高級中學	三年級	0982-858-565	基隆市中正區北寧路100號	\N
s_2021110	蔡思涵	台北市立第一女子高級中學	三年級	0911-835-579	新北市永和區永和路一段100號	\N
s_2021111	吳昱婷	台北市立建國高級中學	三年級	0911-640-823	台北市信義區松高路11號	\N
s_2021112	林昱婷	台北市立建國高級中學	三年級	0952-947-348	基隆市仁愛區愛三路50號	\N
s_2021113	王思涵	新北市立新店高級中學	一年級	0982-546-363	新北市板橋區中山路一段200號	\N
s_2021114	林怡君	台北市立建國高級中學	一年級	0992-247-602	新北市板橋區中山路一段200號	\N
s_2021115	黃昱婷	新北市立新店高級中學	一年級	0911-770-626	台北市信義區松高路11號	\N
s_2021116	陳佳穎	基隆市立中山高級中學	二年級	0931-543-200	台北市信義區松高路11號	\N
s_2021117	黃思涵	台北市立第一女子高級中學	二年級	0911-197-407	新北市板橋區中山路一段200號	\N
s_2021118	陳昀潔	基隆市立中山高級中學	一年級	0930-740-455	新北市永和區永和路一段100號	\N
s_2021119	吳怡君	台北市立第一女子高級中學	三年級	0982-317-307	基隆市中正區北寧路100號	\N
s_2021120	林昱婷	台北市立建國高級中學	一年級	0912-132-884	基隆市仁愛區愛三路50號	\N
s_2021121	陳冠宇	台北市立第一女子高級中學	一年級	0992-981-616	基隆市中正區北寧路100號	\N
s_2021122	陳怡君	台北市立第一女子高級中學	一年級	0931-198-277	台北市中正區忠孝西路一段120號	\N
s_2021123	張昀潔	新北市立新店高級中學	一年級	0911-108-932	台北市信義區松高路11號	\N
s_2021124	蔡佳穎	台北市立建國高級中學	三年級	0992-652-737	基隆市仁愛區愛三路50號	\N
s_2021125	陳怡君	台北市立建國高級中學	一年級	0911-907-653	基隆市仁愛區愛三路50號	\N
s_2021126	黃志豪	台北市立建國高級中學	三年級	0972-355-452	基隆市中正區北寧路100號	\N
s_2021127	蔡心妤	基隆市立中山高級中學	二年級	0992-485-829	台北市中正區忠孝西路一段120號	\N
s_2021128	林怡君	台北市立第一女子高級中學	一年級	0930-181-974	基隆市仁愛區愛三路50號	\N
s_2021129	張柏翰	新北市立新店高級中學	三年級	0930-852-741	基隆市中正區北寧路100號	\N
s_2021130	王心妤	台北市立建國高級中學	二年級	0911-140-123	新北市板橋區中山路一段200號	\N
s_2021131	張昱婷	台北市立第一女子高級中學	二年級	0930-984-108	台北市信義區松高路11號	\N
s_2021132	李昀潔	新北市立新店高級中學	二年級	0992-624-343	台北市信義區松高路11號	\N
s_2021133	劉怡君	新北市立新店高級中學	三年級	0931-678-116	新北市板橋區中山路一段200號	\N
s_2021134	吳家豪	台北市立第一女子高級中學	三年級	0910-475-323	新北市永和區永和路一段100號	\N
s_2021135	王昱婷	台北市立建國高級中學	二年級	0952-802-995	基隆市中正區北寧路100號	\N
s_2021136	蔡家豪	台北市立第一女子高級中學	三年級	0911-823-570	新北市板橋區中山路一段200號	\N
s_2021137	張家豪	基隆市立中山高級中學	二年級	0911-358-690	台北市中正區忠孝西路一段120號	\N
s_2021138	林昱婷	新北市立新店高級中學	二年級	0912-655-979	基隆市中正區北寧路100號	\N
s_2021139	蔡柏翰	新北市立新店高級中學	三年級	0911-566-192	新北市永和區永和路一段100號	\N
s_2021140	李思涵	基隆市立中山高級中學	二年級	0972-264-750	台北市信義區松高路11號	\N
s_2021141	李昱婷	台北市立建國高級中學	三年級	0982-603-873	基隆市仁愛區愛三路50號	\N
s_2021142	林昱婷	台北市立建國高級中學	二年級	0972-284-390	基隆市仁愛區愛三路50號	\N
s_2021143	張思涵	台北市立第一女子高級中學	二年級	0910-217-588	台北市信義區松高路11號	\N
s_2021144	王柏翰	基隆市立中山高級中學	一年級	0912-613-297	台北市中正區忠孝西路一段120號	\N
s_2021145	王志豪	新北市立新店高級中學	二年級	0931-266-924	新北市板橋區中山路一段200號	\N
s_2021146	吳冠宇	台北市立建國高級中學	二年級	0910-797-357	新北市板橋區中山路一段200號	\N
s_2021147	張佳穎	台北市立第一女子高級中學	三年級	0912-750-775	台北市中正區忠孝西路一段120號	\N
s_2021148	劉柏翰	基隆市立中山高級中學	一年級	0931-239-653	新北市板橋區中山路一段200號	\N
s_2021149	林家豪	台北市立建國高級中學	二年級	0982-785-743	基隆市中正區北寧路100號	\N
s_2021150	張昀潔	台北市立建國高級中學	三年級	0972-396-987	新北市永和區永和路一段100號	\N
s_2021151	王心妤	台北市立第一女子高級中學	一年級	0931-954-485	新北市永和區永和路一段100號	\N
s_2021152	林佳穎	基隆市立中山高級中學	二年級	0930-315-517	基隆市仁愛區愛三路50號	\N
s_2021153	林志豪	台北市立第一女子高級中學	三年級	0910-363-335	新北市永和區永和路一段100號	\N
s_2021154	陳志豪	台北市立第一女子高級中學	二年級	0982-351-145	新北市板橋區中山路一段200號	\N
s_2021155	劉怡君	台北市立建國高級中學	三年級	0992-557-655	新北市板橋區中山路一段200號	\N
s_2021156	楊家豪	台北市立第一女子高級中學	一年級	0930-293-294	台北市信義區松高路11號	\N
s_2021157	蔡心妤	新北市立新店高級中學	三年級	0992-319-489	基隆市仁愛區愛三路50號	\N
s_2021158	李昱婷	台北市立建國高級中學	一年級	0992-346-383	新北市板橋區中山路一段200號	\N
s_2021159	劉家豪	台北市立第一女子高級中學	一年級	0930-349-429	台北市中正區忠孝西路一段120號	\N
s_2021160	黃昱婷	基隆市立中山高級中學	三年級	0982-979-454	台北市信義區松高路11號	\N
s_2021161	王家豪	基隆市立中山高級中學	二年級	0911-293-429	基隆市仁愛區愛三路50號	\N
s_2021162	劉柏翰	台北市立第一女子高級中學	一年級	0930-302-381	基隆市仁愛區愛三路50號	\N
s_2021163	張冠宇	基隆市立中山高級中學	二年級	0992-669-434	基隆市仁愛區愛三路50號	\N
s_2021164	蔡家豪	台北市立建國高級中學	二年級	0910-915-120	基隆市中正區北寧路100號	\N
s_2021165	黃佳穎	台北市立第一女子高級中學	二年級	0930-275-603	台北市中正區忠孝西路一段120號	\N
s_2021166	李柏翰	基隆市立中山高級中學	二年級	0912-174-301	新北市永和區永和路一段100號	\N
s_2021167	林昀潔	新北市立新店高級中學	三年級	0910-215-698	台北市信義區松高路11號	\N
s_2022001	劉柏翰	基隆市立中山高級中學	一年級	0992-105-795	台北市中正區忠孝西路一段120號	\N
s_2022002	李志豪	新北市立新店高級中學	二年級	0992-797-337	新北市永和區永和路一段100號	\N
s_2022003	王佳穎	基隆市立中山高級中學	一年級	0982-963-891	基隆市中正區北寧路100號	\N
s_2022004	李冠宇	台北市立第一女子高級中學	三年級	0972-558-707	台北市信義區松高路11號	\N
s_2022005	林家豪	新北市立新店高級中學	三年級	0982-610-364	台北市中正區忠孝西路一段120號	\N
s_2022006	陳昀潔	台北市立第一女子高級中學	三年級	0931-191-548	台北市中正區忠孝西路一段120號	\N
s_2022007	吳志豪	新北市立新店高級中學	二年級	0972-500-645	台北市中正區忠孝西路一段120號	\N
s_2022008	楊志豪	基隆市立中山高級中學	一年級	0992-793-737	台北市中正區忠孝西路一段120號	\N
s_2022009	李冠宇	基隆市立中山高級中學	一年級	0912-456-970	新北市永和區永和路一段100號	\N
s_2022010	張昀潔	新北市立新店高級中學	一年級	0972-640-802	台北市中正區忠孝西路一段120號	\N
s_2022011	陳佳穎	新北市立新店高級中學	三年級	0972-641-269	新北市永和區永和路一段100號	\N
s_2022012	張昀潔	基隆市立中山高級中學	一年級	0952-811-764	基隆市中正區北寧路100號	\N
s_2022013	黃昱婷	台北市立第一女子高級中學	一年級	0911-200-430	台北市中正區忠孝西路一段120號	\N
s_2022014	蔡志豪	新北市立新店高級中學	二年級	0952-614-141	新北市板橋區中山路一段200號	\N
s_2022015	蔡冠宇	台北市立建國高級中學	一年級	0992-934-771	台北市信義區松高路11號	\N
s_2022016	蔡心妤	台北市立建國高級中學	二年級	0930-536-792	基隆市仁愛區愛三路50號	\N
s_2022017	吳昀潔	台北市立建國高級中學	二年級	0930-778-133	基隆市仁愛區愛三路50號	\N
s_2022018	王冠宇	台北市立第一女子高級中學	二年級	0972-482-283	新北市板橋區中山路一段200號	\N
s_2022019	蔡思涵	基隆市立中山高級中學	一年級	0952-658-837	新北市永和區永和路一段100號	\N
s_2022020	張怡君	新北市立新店高級中學	一年級	0931-281-716	新北市板橋區中山路一段200號	\N
s_2022021	林志豪	基隆市立中山高級中學	二年級	0910-430-976	基隆市中正區北寧路100號	\N
s_2022022	王心妤	基隆市立中山高級中學	二年級	0992-170-789	基隆市仁愛區愛三路50號	\N
s_2022023	吳怡君	台北市立建國高級中學	一年級	0931-179-752	新北市永和區永和路一段100號	\N
s_2022024	楊怡君	台北市立第一女子高級中學	一年級	0930-459-341	基隆市中正區北寧路100號	\N
s_2022025	蔡佳穎	基隆市立中山高級中學	一年級	0912-487-578	台北市中正區忠孝西路一段120號	\N
s_2022026	陳志豪	台北市立第一女子高級中學	三年級	0982-339-207	台北市信義區松高路11號	\N
s_2022027	吳冠宇	基隆市立中山高級中學	二年級	0910-283-405	新北市板橋區中山路一段200號	\N
s_2022028	林思涵	新北市立新店高級中學	二年級	0931-323-235	新北市板橋區中山路一段200號	\N
s_2022029	陳冠宇	台北市立建國高級中學	一年級	0911-724-267	新北市永和區永和路一段100號	\N
s_2022030	王柏翰	台北市立第一女子高級中學	二年級	0931-502-939	台北市中正區忠孝西路一段120號	\N
s_2022031	王佳穎	台北市立建國高級中學	二年級	0910-627-792	基隆市中正區北寧路100號	\N
s_2022032	陳昱婷	基隆市立中山高級中學	一年級	0931-896-311	新北市永和區永和路一段100號	\N
s_2022033	蔡家豪	台北市立建國高級中學	二年級	0911-824-907	新北市板橋區中山路一段200號	\N
s_2022034	張昀潔	台北市立第一女子高級中學	二年級	0930-552-927	基隆市中正區北寧路100號	\N
s_2022035	張柏翰	台北市立第一女子高級中學	一年級	0911-530-405	台北市中正區忠孝西路一段120號	\N
s_2022036	林家豪	新北市立新店高級中學	一年級	0952-965-308	基隆市中正區北寧路100號	\N
s_2022037	林昱婷	新北市立新店高級中學	一年級	0911-408-928	台北市中正區忠孝西路一段120號	\N
s_2022038	蔡家豪	台北市立建國高級中學	一年級	0911-897-199	基隆市仁愛區愛三路50號	\N
s_2022039	蔡家豪	新北市立新店高級中學	二年級	0911-320-761	新北市永和區永和路一段100號	\N
s_2022040	林志豪	基隆市立中山高級中學	一年級	0992-743-676	基隆市中正區北寧路100號	\N
s_2022041	蔡志豪	基隆市立中山高級中學	三年級	0972-868-657	台北市中正區忠孝西路一段120號	\N
s_2022042	李佳穎	台北市立第一女子高級中學	一年級	0912-254-219	台北市信義區松高路11號	\N
s_2022043	李柏翰	新北市立新店高級中學	三年級	0972-610-151	台北市中正區忠孝西路一段120號	\N
s_2022044	張冠宇	基隆市立中山高級中學	三年級	0910-548-621	新北市永和區永和路一段100號	\N
s_2022045	張思涵	台北市立第一女子高級中學	一年級	0972-417-313	基隆市仁愛區愛三路50號	\N
s_2022046	黃家豪	台北市立建國高級中學	二年級	0952-623-731	新北市板橋區中山路一段200號	\N
s_2022047	張昱婷	基隆市立中山高級中學	三年級	0930-784-715	新北市永和區永和路一段100號	\N
s_2022048	吳家豪	基隆市立中山高級中學	二年級	0931-115-963	基隆市仁愛區愛三路50號	\N
s_2022049	蔡昱婷	台北市立建國高級中學	二年級	0930-171-296	基隆市仁愛區愛三路50號	\N
s_2022050	李思涵	台北市立建國高級中學	三年級	0931-607-205	基隆市中正區北寧路100號	\N
s_2022051	陳昱婷	台北市立建國高級中學	二年級	0952-163-983	基隆市中正區北寧路100號	\N
s_2022052	李怡君	台北市立第一女子高級中學	三年級	0931-209-440	台北市中正區忠孝西路一段120號	\N
s_2022053	蔡家豪	台北市立第一女子高級中學	二年級	0972-212-482	新北市板橋區中山路一段200號	\N
s_2022054	李家豪	台北市立第一女子高級中學	三年級	0911-901-234	台北市信義區松高路11號	\N
s_2022055	楊心妤	基隆市立中山高級中學	一年級	0952-123-600	新北市板橋區中山路一段200號	\N
s_2022056	蔡心妤	新北市立新店高級中學	二年級	0992-380-551	新北市永和區永和路一段100號	\N
s_2022057	吳心妤	台北市立建國高級中學	二年級	0982-193-282	台北市中正區忠孝西路一段120號	\N
s_2022058	陳家豪	台北市立建國高級中學	二年級	0992-368-527	新北市板橋區中山路一段200號	\N
s_2022059	楊昱婷	基隆市立中山高級中學	一年級	0992-408-632	基隆市仁愛區愛三路50號	\N
s_2022060	李志豪	台北市立建國高級中學	三年級	0972-978-533	台北市信義區松高路11號	\N
s_2022061	楊家豪	基隆市立中山高級中學	二年級	0931-478-668	新北市永和區永和路一段100號	\N
s_2022062	黃怡君	台北市立第一女子高級中學	三年級	0930-417-296	新北市板橋區中山路一段200號	\N
s_2022063	劉昱婷	台北市立第一女子高級中學	二年級	0952-775-886	基隆市仁愛區愛三路50號	\N
s_2022064	陳怡君	新北市立新店高級中學	一年級	0931-746-931	基隆市仁愛區愛三路50號	\N
s_2022065	劉昱婷	基隆市立中山高級中學	一年級	0910-583-680	基隆市仁愛區愛三路50號	\N
s_2022066	黃佳穎	新北市立新店高級中學	二年級	0910-975-429	台北市信義區松高路11號	\N
s_2022067	劉昱婷	台北市立第一女子高級中學	三年級	0912-343-917	台北市中正區忠孝西路一段120號	\N
s_2022068	黃佳穎	基隆市立中山高級中學	二年級	0931-954-732	台北市中正區忠孝西路一段120號	\N
s_2022069	劉昀潔	基隆市立中山高級中學	二年級	0992-616-569	基隆市仁愛區愛三路50號	\N
s_2022070	黃思涵	台北市立第一女子高級中學	一年級	0992-522-921	新北市板橋區中山路一段200號	\N
s_2022071	吳柏翰	台北市立建國高級中學	三年級	0992-525-999	基隆市中正區北寧路100號	\N
s_2022072	李思涵	台北市立建國高級中學	三年級	0952-962-732	新北市永和區永和路一段100號	\N
s_2022073	楊怡君	基隆市立中山高級中學	一年級	0912-197-289	新北市永和區永和路一段100號	\N
s_2022074	陳怡君	台北市立第一女子高級中學	三年級	0911-890-131	台北市信義區松高路11號	\N
s_2022075	楊昱婷	台北市立第一女子高級中學	一年級	0992-498-685	台北市中正區忠孝西路一段120號	\N
s_2022076	李思涵	基隆市立中山高級中學	二年級	0972-565-776	台北市中正區忠孝西路一段120號	\N
s_2022077	劉怡君	新北市立新店高級中學	二年級	0992-903-199	基隆市仁愛區愛三路50號	\N
s_2022078	陳心妤	基隆市立中山高級中學	一年級	0931-908-947	基隆市仁愛區愛三路50號	\N
s_2022079	王柏翰	台北市立第一女子高級中學	三年級	0931-411-208	基隆市中正區北寧路100號	\N
s_2022080	張佳穎	台北市立第一女子高級中學	一年級	0931-929-254	台北市中正區忠孝西路一段120號	\N
s_2022081	劉心妤	新北市立新店高級中學	二年級	0982-906-453	新北市板橋區中山路一段200號	\N
s_2022082	李志豪	台北市立建國高級中學	一年級	0982-914-428	基隆市仁愛區愛三路50號	\N
s_2022083	劉佳穎	基隆市立中山高級中學	三年級	0992-163-524	新北市板橋區中山路一段200號	\N
s_2022084	吳思涵	新北市立新店高級中學	三年級	0911-590-928	台北市中正區忠孝西路一段120號	\N
s_2022085	林家豪	台北市立第一女子高級中學	一年級	0910-678-224	基隆市仁愛區愛三路50號	\N
s_2022086	林家豪	台北市立建國高級中學	二年級	0931-842-918	基隆市中正區北寧路100號	\N
s_2022087	林柏翰	基隆市立中山高級中學	一年級	0931-294-414	台北市信義區松高路11號	\N
s_2022088	張志豪	台北市立建國高級中學	三年級	0931-587-683	新北市板橋區中山路一段200號	\N
s_2022089	張志豪	台北市立建國高級中學	三年級	0972-517-781	台北市中正區忠孝西路一段120號	\N
s_2022090	王家豪	台北市立第一女子高級中學	二年級	0910-692-759	台北市信義區松高路11號	\N
s_2022091	林柏翰	新北市立新店高級中學	三年級	0982-639-407	基隆市仁愛區愛三路50號	\N
s_2022092	林思涵	台北市立建國高級中學	二年級	0931-246-320	基隆市仁愛區愛三路50號	\N
s_2022093	黃昀潔	基隆市立中山高級中學	二年級	0930-598-843	基隆市中正區北寧路100號	\N
s_2022094	張志豪	新北市立新店高級中學	三年級	0982-489-965	基隆市仁愛區愛三路50號	\N
s_2022095	林怡君	台北市立第一女子高級中學	一年級	0952-509-690	基隆市中正區北寧路100號	\N
s_2022096	蔡柏翰	台北市立第一女子高級中學	三年級	0910-858-531	基隆市中正區北寧路100號	\N
s_2022097	蔡昀潔	新北市立新店高級中學	二年級	0910-357-116	新北市永和區永和路一段100號	\N
s_2022098	張志豪	台北市立建國高級中學	二年級	0952-934-437	基隆市中正區北寧路100號	\N
s_2022099	蔡志豪	新北市立新店高級中學	一年級	0972-586-196	新北市板橋區中山路一段200號	\N
s_2022100	楊昱婷	新北市立新店高級中學	三年級	0930-740-758	台北市信義區松高路11號	\N
s_2022101	劉昀潔	台北市立第一女子高級中學	二年級	0982-791-777	台北市中正區忠孝西路一段120號	\N
s_2022102	楊柏翰	基隆市立中山高級中學	三年級	0931-242-753	新北市板橋區中山路一段200號	\N
s_2022103	張怡君	基隆市立中山高級中學	一年級	0912-335-860	台北市中正區忠孝西路一段120號	\N
s_2022104	王昱婷	台北市立建國高級中學	三年級	0910-358-925	台北市信義區松高路11號	\N
s_2022105	楊怡君	基隆市立中山高級中學	一年級	0931-801-354	基隆市中正區北寧路100號	\N
s_2022106	楊志豪	台北市立第一女子高級中學	一年級	0972-108-383	台北市中正區忠孝西路一段120號	\N
s_2022107	楊思涵	台北市立第一女子高級中學	二年級	0912-103-890	基隆市仁愛區愛三路50號	\N
s_2022108	楊冠宇	新北市立新店高級中學	二年級	0911-705-555	基隆市仁愛區愛三路50號	\N
s_2022109	劉柏翰	台北市立第一女子高級中學	三年級	0931-239-231	台北市中正區忠孝西路一段120號	\N
s_2022110	陳怡君	台北市立建國高級中學	一年級	0911-383-715	基隆市仁愛區愛三路50號	\N
s_2022111	蔡昱婷	台北市立第一女子高級中學	二年級	0930-540-650	台北市信義區松高路11號	\N
s_2022112	王冠宇	台北市立第一女子高級中學	二年級	0910-340-370	新北市永和區永和路一段100號	\N
s_2022113	張志豪	台北市立第一女子高級中學	一年級	0992-823-526	基隆市仁愛區愛三路50號	\N
s_2022114	陳昱婷	台北市立建國高級中學	三年級	0982-950-847	台北市中正區忠孝西路一段120號	\N
s_2022115	蔡佳穎	台北市立第一女子高級中學	二年級	0972-440-581	新北市板橋區中山路一段200號	\N
s_2022116	吳柏翰	基隆市立中山高級中學	一年級	0930-792-320	台北市信義區松高路11號	\N
s_2022117	蔡柏翰	新北市立新店高級中學	二年級	0972-154-997	台北市中正區忠孝西路一段120號	\N
s_2022118	黃佳穎	台北市立建國高級中學	三年級	0931-567-870	基隆市仁愛區愛三路50號	\N
s_2022119	王家豪	台北市立建國高級中學	二年級	0972-727-365	台北市信義區松高路11號	\N
s_2022120	陳佳穎	台北市立建國高級中學	二年級	0982-532-107	基隆市仁愛區愛三路50號	\N
s_2022121	黃心妤	台北市立建國高級中學	一年級	0972-576-521	新北市板橋區中山路一段200號	\N
s_2022122	吳志豪	基隆市立中山高級中學	一年級	0911-234-292	基隆市中正區北寧路100號	\N
s_2022123	張志豪	台北市立建國高級中學	三年級	0912-162-884	台北市中正區忠孝西路一段120號	\N
s_2022124	蔡家豪	新北市立新店高級中學	二年級	0930-866-112	新北市板橋區中山路一段200號	\N
s_2022125	吳昀潔	台北市立建國高級中學	三年級	0982-915-256	新北市永和區永和路一段100號	\N
s_2022126	劉昀潔	基隆市立中山高級中學	三年級	0910-864-289	基隆市仁愛區愛三路50號	\N
s_2022127	吳昀潔	基隆市立中山高級中學	二年級	0912-142-364	台北市信義區松高路11號	\N
s_2022128	吳志豪	台北市立建國高級中學	一年級	0930-257-157	基隆市中正區北寧路100號	\N
s_2022129	蔡志豪	新北市立新店高級中學	二年級	0982-235-422	台北市中正區忠孝西路一段120號	\N
s_2022130	吳佳穎	新北市立新店高級中學	二年級	0972-504-600	基隆市中正區北寧路100號	\N
s_2022131	李思涵	新北市立新店高級中學	一年級	0911-480-215	台北市中正區忠孝西路一段120號	\N
s_2022132	楊佳穎	新北市立新店高級中學	三年級	0982-989-758	新北市永和區永和路一段100號	\N
s_2022133	張心妤	台北市立第一女子高級中學	一年級	0982-342-286	新北市永和區永和路一段100號	\N
s_2022134	李怡君	台北市立第一女子高級中學	一年級	0992-877-776	基隆市仁愛區愛三路50號	\N
s_2022135	吳心妤	新北市立新店高級中學	一年級	0972-153-949	新北市永和區永和路一段100號	\N
s_2022136	陳佳穎	新北市立新店高級中學	二年級	0972-221-406	新北市板橋區中山路一段200號	\N
s_2022137	張志豪	基隆市立中山高級中學	一年級	0972-826-691	台北市信義區松高路11號	\N
s_2022138	楊柏翰	基隆市立中山高級中學	三年級	0911-586-711	新北市永和區永和路一段100號	\N
s_2022139	劉思涵	新北市立新店高級中學	二年級	0972-240-607	台北市信義區松高路11號	\N
s_2022140	張昀潔	台北市立第一女子高級中學	二年級	0992-467-670	台北市信義區松高路11號	\N
s_2022141	林柏翰	新北市立新店高級中學	一年級	0982-544-876	基隆市中正區北寧路100號	\N
s_2022142	王佳穎	台北市立建國高級中學	一年級	0912-142-601	新北市板橋區中山路一段200號	\N
s_2022143	李怡君	台北市立第一女子高級中學	三年級	0992-247-581	基隆市中正區北寧路100號	\N
s_2022144	劉志豪	台北市立建國高級中學	二年級	0992-332-874	台北市信義區松高路11號	\N
s_2022145	黃心妤	台北市立建國高級中學	二年級	0930-215-752	新北市永和區永和路一段100號	\N
s_2022146	王心妤	台北市立建國高級中學	三年級	0952-953-800	台北市中正區忠孝西路一段120號	\N
s_2022147	陳柏翰	新北市立新店高級中學	一年級	0930-142-650	台北市中正區忠孝西路一段120號	\N
s_2022148	王冠宇	台北市立第一女子高級中學	一年級	0930-279-427	台北市中正區忠孝西路一段120號	\N
s_2022149	黃家豪	新北市立新店高級中學	一年級	0982-235-749	基隆市仁愛區愛三路50號	\N
s_2022150	陳冠宇	基隆市立中山高級中學	一年級	0992-508-281	台北市中正區忠孝西路一段120號	\N
s_2022151	李思涵	台北市立建國高級中學	三年級	0982-596-617	基隆市中正區北寧路100號	\N
s_2022152	李怡君	台北市立建國高級中學	一年級	0912-149-386	基隆市中正區北寧路100號	\N
s_2022153	林佳穎	台北市立第一女子高級中學	二年級	0910-828-558	新北市板橋區中山路一段200號	\N
s_2022154	張家豪	台北市立第一女子高級中學	二年級	0972-221-729	基隆市仁愛區愛三路50號	\N
s_2022155	王志豪	台北市立第一女子高級中學	一年級	0912-383-913	新北市永和區永和路一段100號	\N
s_2022156	王志豪	台北市立建國高級中學	二年級	0911-616-944	新北市永和區永和路一段100號	\N
s_2022157	陳冠宇	台北市立建國高級中學	一年級	0982-587-359	基隆市仁愛區愛三路50號	\N
s_2022158	蔡怡君	台北市立建國高級中學	三年級	0952-643-591	台北市中正區忠孝西路一段120號	\N
s_2022159	李昱婷	台北市立第一女子高級中學	三年級	0952-773-736	台北市中正區忠孝西路一段120號	\N
s_2022160	楊冠宇	台北市立第一女子高級中學	二年級	0952-997-990	新北市板橋區中山路一段200號	\N
s_2022161	張心妤	台北市立建國高級中學	三年級	0912-429-994	基隆市仁愛區愛三路50號	\N
s_2022162	劉冠宇	基隆市立中山高級中學	三年級	0931-831-855	基隆市中正區北寧路100號	\N
s_2022163	劉思涵	台北市立建國高級中學	一年級	0912-703-575	新北市板橋區中山路一段200號	\N
s_2022164	李佳穎	台北市立第一女子高級中學	二年級	0910-923-825	新北市永和區永和路一段100號	\N
s_2022165	陳柏翰	台北市立第一女子高級中學	一年級	0972-457-183	基隆市中正區北寧路100號	\N
s_2022166	張昀潔	台北市立第一女子高級中學	二年級	0912-875-391	基隆市仁愛區愛三路50號	\N
s_2022167	林柏翰	新北市立新店高級中學	三年級	0952-196-234	新北市板橋區中山路一段200號	\N
s_2022168	楊心妤	台北市立第一女子高級中學	三年級	0930-159-339	基隆市中正區北寧路100號	\N
s_2022169	楊佳穎	新北市立新店高級中學	二年級	0930-300-863	基隆市中正區北寧路100號	\N
s_2022170	蔡冠宇	新北市立新店高級中學	三年級	0931-977-247	台北市中正區忠孝西路一段120號	\N
s_2022171	李思涵	基隆市立中山高級中學	三年級	0992-486-321	台北市信義區松高路11號	\N
s_2022172	林家豪	基隆市立中山高級中學	一年級	0911-586-235	台北市中正區忠孝西路一段120號	\N
s_2022173	張志豪	台北市立建國高級中學	一年級	0972-860-630	基隆市仁愛區愛三路50號	\N
s_2022174	王怡君	台北市立建國高級中學	三年級	0911-935-930	新北市板橋區中山路一段200號	\N
s_2022175	蔡冠宇	台北市立建國高級中學	三年級	0982-136-985	新北市永和區永和路一段100號	\N
s_2022176	吳思涵	新北市立新店高級中學	二年級	0972-162-126	新北市板橋區中山路一段200號	\N
s_2022177	陳昱婷	新北市立新店高級中學	三年級	0992-125-295	台北市中正區忠孝西路一段120號	\N
s_2022178	陳冠宇	台北市立第一女子高級中學	二年級	0912-893-486	新北市板橋區中山路一段200號	\N
s_2022179	林柏翰	新北市立新店高級中學	三年級	0911-964-490	新北市板橋區中山路一段200號	\N
s_2022180	王心妤	基隆市立中山高級中學	三年級	0910-772-148	台北市中正區忠孝西路一段120號	\N
s_2022181	陳怡君	台北市立建國高級中學	一年級	0992-253-401	台北市信義區松高路11號	\N
s_2022182	蔡佳穎	新北市立新店高級中學	二年級	0910-423-182	新北市板橋區中山路一段200號	\N
s_2022183	張昀潔	台北市立建國高級中學	一年級	0911-820-115	台北市信義區松高路11號	\N
s_2022184	劉佳穎	基隆市立中山高級中學	二年級	0931-675-453	新北市板橋區中山路一段200號	\N
s_2022185	陳昱婷	台北市立第一女子高級中學	二年級	0930-109-289	新北市永和區永和路一段100號	\N
s_2022186	楊冠宇	基隆市立中山高級中學	一年級	0912-963-691	新北市永和區永和路一段100號	\N
s_2022187	蔡昀潔	台北市立第一女子高級中學	一年級	0982-104-762	新北市永和區永和路一段100號	\N
s_2022188	楊怡君	台北市立建國高級中學	一年級	0910-709-479	台北市中正區忠孝西路一段120號	\N
s_2022189	黃思涵	台北市立第一女子高級中學	一年級	0910-831-959	基隆市中正區北寧路100號	\N
s_2022190	劉思涵	基隆市立中山高級中學	三年級	0992-539-631	新北市永和區永和路一段100號	\N
s_2022191	王心妤	台北市立第一女子高級中學	三年級	0931-636-460	基隆市中正區北寧路100號	\N
s_2022192	張思涵	新北市立新店高級中學	一年級	0912-953-334	基隆市中正區北寧路100號	\N
s_2022193	王昱婷	基隆市立中山高級中學	三年級	0930-244-343	新北市永和區永和路一段100號	\N
s_2022194	吳昱婷	基隆市立中山高級中學	二年級	0992-580-702	台北市信義區松高路11號	\N
s_2022195	陳柏翰	基隆市立中山高級中學	三年級	0972-793-715	台北市信義區松高路11號	\N
s_2022196	劉冠宇	台北市立第一女子高級中學	三年級	0952-153-285	新北市板橋區中山路一段200號	\N
s_2022197	蔡昱婷	基隆市立中山高級中學	三年級	0952-801-421	新北市永和區永和路一段100號	\N
s_2022198	劉怡君	台北市立第一女子高級中學	一年級	0952-434-998	台北市中正區忠孝西路一段120號	\N
s_2022199	王家豪	新北市立新店高級中學	二年級	0972-679-318	新北市永和區永和路一段100號	\N
s_2022200	吳家豪	新北市立新店高級中學	三年級	0931-694-322	台北市中正區忠孝西路一段120號	\N
s_2022201	吳家豪	台北市立建國高級中學	二年級	0912-137-130	基隆市仁愛區愛三路50號	\N
s_2022202	蔡家豪	台北市立建國高級中學	二年級	0911-846-459	基隆市仁愛區愛三路50號	\N
s_2022203	吳家豪	基隆市立中山高級中學	二年級	0952-798-265	基隆市仁愛區愛三路50號	\N
s_2022204	楊昱婷	台北市立建國高級中學	一年級	0912-518-534	新北市永和區永和路一段100號	\N
s_2022205	李柏翰	台北市立建國高級中學	一年級	0931-949-367	台北市信義區松高路11號	\N
s_2022206	劉冠宇	基隆市立中山高級中學	二年級	0931-595-155	新北市板橋區中山路一段200號	\N
s_2022207	蔡家豪	台北市立建國高級中學	二年級	0911-530-709	新北市永和區永和路一段100號	\N
s_2022208	楊志豪	台北市立第一女子高級中學	三年級	0910-596-817	新北市板橋區中山路一段200號	\N
s_2022209	林思涵	台北市立第一女子高級中學	三年級	0952-460-395	台北市信義區松高路11號	\N
s_2022210	林心妤	台北市立建國高級中學	三年級	0992-243-665	台北市中正區忠孝西路一段120號	\N
s_2022211	陳柏翰	基隆市立中山高級中學	二年級	0982-177-992	新北市永和區永和路一段100號	\N
s_2022212	王柏翰	台北市立第一女子高級中學	一年級	0910-638-141	基隆市仁愛區愛三路50號	\N
s_2022213	王昀潔	新北市立新店高級中學	一年級	0931-173-709	基隆市中正區北寧路100號	\N
s_2022214	王思涵	新北市立新店高級中學	二年級	0911-258-895	基隆市仁愛區愛三路50號	\N
s_2022215	李昱婷	台北市立建國高級中學	二年級	0931-485-157	台北市中正區忠孝西路一段120號	\N
s_2022216	陳志豪	台北市立建國高級中學	三年級	0972-265-938	新北市永和區永和路一段100號	\N
s_2022217	劉昱婷	台北市立第一女子高級中學	三年級	0930-228-452	基隆市仁愛區愛三路50號	\N
s_2022218	楊昀潔	台北市立建國高級中學	三年級	0910-550-172	基隆市中正區北寧路100號	\N
s_2022219	劉志豪	台北市立第一女子高級中學	三年級	0931-216-277	台北市信義區松高路11號	\N
s_2022220	李昀潔	基隆市立中山高級中學	三年級	0982-653-287	台北市中正區忠孝西路一段120號	\N
s_2022221	劉佳穎	基隆市立中山高級中學	三年級	0992-171-761	台北市信義區松高路11號	\N
s_2022222	楊柏翰	台北市立第一女子高級中學	三年級	0982-877-850	基隆市仁愛區愛三路50號	\N
s_2022223	吳怡君	台北市立第一女子高級中學	三年級	0910-563-609	新北市永和區永和路一段100號	\N
s_2022224	吳昀潔	新北市立新店高級中學	二年級	0982-570-160	基隆市中正區北寧路100號	\N
s_2022225	蔡佳穎	基隆市立中山高級中學	二年級	0952-169-905	新北市板橋區中山路一段200號	\N
s_2022226	吳心妤	基隆市立中山高級中學	一年級	0972-976-254	新北市板橋區中山路一段200號	\N
s_2022227	陳心妤	基隆市立中山高級中學	一年級	0911-551-412	基隆市中正區北寧路100號	\N
s_2022228	陳柏翰	台北市立建國高級中學	二年級	0952-660-438	台北市信義區松高路11號	\N
s_2022229	劉佳穎	台北市立第一女子高級中學	二年級	0992-631-644	基隆市中正區北寧路100號	\N
s_2022230	黃家豪	新北市立新店高級中學	二年級	0912-261-418	台北市中正區忠孝西路一段120號	\N
s_2022231	楊心妤	台北市立建國高級中學	二年級	0912-245-496	新北市永和區永和路一段100號	\N
s_2022232	吳家豪	基隆市立中山高級中學	三年級	0911-205-400	基隆市中正區北寧路100號	\N
s_2022233	王思涵	台北市立建國高級中學	一年級	0982-525-684	台北市中正區忠孝西路一段120號	\N
s_2022234	林思涵	基隆市立中山高級中學	三年級	0952-792-631	新北市板橋區中山路一段200號	\N
s_2022235	蔡心妤	新北市立新店高級中學	一年級	0992-299-903	基隆市中正區北寧路100號	\N
s_2022236	黃家豪	台北市立建國高級中學	一年級	0972-712-302	台北市信義區松高路11號	\N
s_2022237	吳柏翰	台北市立建國高級中學	一年級	0992-322-594	新北市板橋區中山路一段200號	\N
s_2022238	劉思涵	台北市立建國高級中學	三年級	0912-188-281	台北市中正區忠孝西路一段120號	\N
s_2022239	蔡心妤	台北市立第一女子高級中學	二年級	0911-897-965	台北市信義區松高路11號	\N
s_2022240	黃佳穎	基隆市立中山高級中學	二年級	0912-617-760	台北市中正區忠孝西路一段120號	\N
s_2022241	王志豪	基隆市立中山高級中學	三年級	0931-963-337	基隆市中正區北寧路100號	\N
s_2022242	吳冠宇	台北市立建國高級中學	一年級	0930-160-465	基隆市仁愛區愛三路50號	\N
s_2022243	陳柏翰	新北市立新店高級中學	三年級	0982-116-992	新北市板橋區中山路一段200號	\N
s_2022244	楊佳穎	新北市立新店高級中學	一年級	0930-102-867	基隆市仁愛區愛三路50號	\N
s_2022245	蔡家豪	基隆市立中山高級中學	二年級	0910-790-441	基隆市中正區北寧路100號	\N
s_2022246	王心妤	台北市立建國高級中學	二年級	0992-635-492	台北市信義區松高路11號	\N
s_2022247	劉家豪	台北市立建國高級中學	二年級	0912-967-930	台北市信義區松高路11號	\N
s_2022248	劉家豪	新北市立新店高級中學	二年級	0931-923-516	新北市板橋區中山路一段200號	\N
s_2022249	林怡君	台北市立建國高級中學	一年級	0930-168-605	台北市中正區忠孝西路一段120號	\N
s_2022250	林佳穎	台北市立建國高級中學	三年級	0911-563-516	台北市信義區松高路11號	\N
s_2022251	吳昀潔	台北市立建國高級中學	一年級	0992-399-600	基隆市中正區北寧路100號	\N
s_2022252	林佳穎	台北市立建國高級中學	一年級	0931-717-888	基隆市中正區北寧路100號	\N
s_2022253	林佳穎	基隆市立中山高級中學	二年級	0982-704-536	台北市信義區松高路11號	\N
s_2022254	陳佳穎	新北市立新店高級中學	一年級	0972-598-463	基隆市中正區北寧路100號	\N
s_2022255	陳怡君	基隆市立中山高級中學	二年級	0911-338-981	新北市板橋區中山路一段200號	\N
s_2022256	劉怡君	台北市立第一女子高級中學	一年級	0910-307-181	基隆市仁愛區愛三路50號	\N
s_2022257	李心妤	新北市立新店高級中學	三年級	0931-879-799	新北市永和區永和路一段100號	\N
s_2022258	蔡佳穎	新北市立新店高級中學	二年級	0912-851-520	台北市中正區忠孝西路一段120號	\N
s_2022259	黃志豪	台北市立第一女子高級中學	三年級	0912-580-346	基隆市中正區北寧路100號	\N
s_2022260	李志豪	台北市立建國高級中學	一年級	0931-301-422	新北市永和區永和路一段100號	\N
s_2022261	劉心妤	基隆市立中山高級中學	一年級	0982-203-364	台北市信義區松高路11號	\N
s_2022262	王昀潔	基隆市立中山高級中學	二年級	0911-460-475	新北市永和區永和路一段100號	\N
s_2022263	張怡君	新北市立新店高級中學	三年級	0982-133-977	台北市中正區忠孝西路一段120號	\N
s_2022264	蔡思涵	台北市立建國高級中學	一年級	0930-310-648	台北市中正區忠孝西路一段120號	\N
s_2022265	林冠宇	基隆市立中山高級中學	三年級	0952-261-171	新北市永和區永和路一段100號	\N
s_2022266	李昱婷	基隆市立中山高級中學	二年級	0931-643-447	台北市中正區忠孝西路一段120號	\N
s_2022267	黃思涵	新北市立新店高級中學	一年級	0952-758-812	新北市永和區永和路一段100號	\N
s_2022268	陳志豪	新北市立新店高級中學	三年級	0972-179-790	新北市永和區永和路一段100號	\N
s_2022269	李思涵	基隆市立中山高級中學	三年級	0982-597-257	台北市信義區松高路11號	\N
s_2022270	蔡昀潔	基隆市立中山高級中學	一年級	0911-128-235	基隆市中正區北寧路100號	\N
s_2022271	黃志豪	新北市立新店高級中學	二年級	0930-249-227	新北市永和區永和路一段100號	\N
s_2022272	劉佳穎	基隆市立中山高級中學	二年級	0911-119-612	台北市中正區忠孝西路一段120號	\N
s_2022273	張昀潔	台北市立第一女子高級中學	一年級	0912-306-607	基隆市中正區北寧路100號	\N
s_2022274	王志豪	新北市立新店高級中學	二年級	0912-194-477	新北市板橋區中山路一段200號	\N
s_2022275	林思涵	基隆市立中山高級中學	一年級	0982-597-669	基隆市仁愛區愛三路50號	\N
s_2022276	蔡昀潔	台北市立第一女子高級中學	三年級	0910-663-350	基隆市仁愛區愛三路50號	\N
s_2022277	楊怡君	台北市立建國高級中學	一年級	0992-241-756	台北市信義區松高路11號	\N
s_2022278	黃佳穎	基隆市立中山高級中學	三年級	0982-373-796	台北市信義區松高路11號	\N
s_2022279	林柏翰	新北市立新店高級中學	二年級	0930-292-867	基隆市仁愛區愛三路50號	\N
s_2022280	黃思涵	台北市立建國高級中學	二年級	0992-925-291	台北市中正區忠孝西路一段120號	\N
s_2022281	王家豪	台北市立第一女子高級中學	三年級	0931-100-964	台北市中正區忠孝西路一段120號	\N
s_2022282	張佳穎	新北市立新店高級中學	三年級	0911-991-824	基隆市仁愛區愛三路50號	\N
s_2022283	劉昱婷	台北市立第一女子高級中學	一年級	0931-615-967	新北市板橋區中山路一段200號	\N
s_2022284	吳昱婷	台北市立建國高級中學	二年級	0972-300-601	台北市中正區忠孝西路一段120號	\N
s_2022285	李家豪	新北市立新店高級中學	三年級	0972-574-533	基隆市仁愛區愛三路50號	\N
s_2022286	楊家豪	基隆市立中山高級中學	二年級	0982-390-662	台北市中正區忠孝西路一段120號	\N
s_2022287	林怡君	基隆市立中山高級中學	三年級	0911-681-182	基隆市仁愛區愛三路50號	\N
s_2022288	劉冠宇	新北市立新店高級中學	三年級	0910-280-495	基隆市仁愛區愛三路50號	\N
s_2022289	王怡君	新北市立新店高級中學	二年級	0982-283-577	基隆市仁愛區愛三路50號	\N
s_2022290	吳昱婷	基隆市立中山高級中學	三年級	0930-577-348	基隆市中正區北寧路100號	\N
s_2022291	林怡君	台北市立第一女子高級中學	一年級	0910-268-906	基隆市仁愛區愛三路50號	\N
s_2022292	劉志豪	台北市立建國高級中學	二年級	0910-633-268	台北市中正區忠孝西路一段120號	\N
s_2022293	蔡家豪	台北市立建國高級中學	三年級	0931-201-698	新北市永和區永和路一段100號	\N
s_2022294	陳心妤	台北市立第一女子高級中學	一年級	0952-591-808	基隆市中正區北寧路100號	\N
s_2022295	陳志豪	台北市立建國高級中學	一年級	0931-589-652	新北市永和區永和路一段100號	\N
s_2022296	李志豪	基隆市立中山高級中學	二年級	0972-496-698	台北市信義區松高路11號	\N
s_2022297	蔡思涵	台北市立建國高級中學	一年級	0930-360-574	新北市板橋區中山路一段200號	\N
s_2022298	黃柏翰	台北市立第一女子高級中學	二年級	0992-739-109	台北市信義區松高路11號	\N
s_2022299	張昀潔	台北市立第一女子高級中學	三年級	0952-922-516	新北市板橋區中山路一段200號	\N
s_2022300	林冠宇	新北市立新店高級中學	二年級	0931-882-850	新北市永和區永和路一段100號	\N
s_2022301	劉心妤	台北市立第一女子高級中學	二年級	0910-567-238	基隆市中正區北寧路100號	\N
s_2022302	王冠宇	新北市立新店高級中學	一年級	0972-760-313	台北市中正區忠孝西路一段120號	\N
s_2022303	林昱婷	新北市立新店高級中學	二年級	0952-232-904	新北市永和區永和路一段100號	\N
s_2022304	吳思涵	新北市立新店高級中學	三年級	0910-164-840	台北市中正區忠孝西路一段120號	\N
s_2022305	張志豪	台北市立第一女子高級中學	一年級	0952-562-392	台北市信義區松高路11號	\N
s_2022306	張柏翰	台北市立第一女子高級中學	一年級	0910-653-401	新北市永和區永和路一段100號	\N
s_2022307	李柏翰	新北市立新店高級中學	三年級	0982-822-977	基隆市中正區北寧路100號	\N
s_2022308	黃冠宇	台北市立建國高級中學	一年級	0912-882-333	新北市板橋區中山路一段200號	\N
s_2022309	吳柏翰	台北市立第一女子高級中學	三年級	0992-320-688	基隆市仁愛區愛三路50號	\N
s_2022310	蔡志豪	基隆市立中山高級中學	一年級	0931-157-122	基隆市仁愛區愛三路50號	\N
s_2022311	楊昱婷	基隆市立中山高級中學	一年級	0911-524-691	基隆市中正區北寧路100號	\N
s_2022312	蔡柏翰	台北市立第一女子高級中學	一年級	0911-506-642	新北市永和區永和路一段100號	\N
s_2022313	張昱婷	台北市立建國高級中學	一年級	0992-855-491	基隆市中正區北寧路100號	\N
s_2022314	黃佳穎	台北市立第一女子高級中學	三年級	0931-939-997	新北市板橋區中山路一段200號	\N
s_2022315	張佳穎	新北市立新店高級中學	三年級	0972-141-171	台北市信義區松高路11號	\N
s_2022316	劉柏翰	台北市立第一女子高級中學	一年級	0910-461-452	台北市信義區松高路11號	\N
s_2022317	王思涵	台北市立第一女子高級中學	三年級	0982-687-580	台北市中正區忠孝西路一段120號	\N
s_2022318	劉柏翰	新北市立新店高級中學	三年級	0912-188-888	新北市板橋區中山路一段200號	\N
s_2022319	王冠宇	台北市立建國高級中學	三年級	0992-441-295	台北市中正區忠孝西路一段120號	\N
s_2022320	李家豪	新北市立新店高級中學	一年級	0912-576-897	基隆市中正區北寧路100號	\N
s_2022321	林昱婷	基隆市立中山高級中學	三年級	0912-806-742	新北市板橋區中山路一段200號	\N
s_2022322	林思涵	新北市立新店高級中學	一年級	0982-955-511	新北市板橋區中山路一段200號	\N
s_2022323	王佳穎	台北市立第一女子高級中學	三年級	0982-396-378	新北市永和區永和路一段100號	\N
s_2022324	楊柏翰	基隆市立中山高級中學	一年級	0931-936-716	基隆市中正區北寧路100號	\N
s_2022325	蔡佳穎	台北市立第一女子高級中學	一年級	0930-439-401	新北市永和區永和路一段100號	\N
s_2022326	王思涵	台北市立第一女子高級中學	二年級	0952-592-274	台北市信義區松高路11號	\N
s_2022327	楊心妤	新北市立新店高級中學	三年級	0931-682-356	台北市中正區忠孝西路一段120號	\N
s_2022328	李冠宇	台北市立建國高級中學	二年級	0972-676-974	新北市永和區永和路一段100號	\N
s_2022329	楊心妤	基隆市立中山高級中學	一年級	0931-914-105	台北市信義區松高路11號	\N
s_2022330	林怡君	台北市立建國高級中學	一年級	0992-928-854	台北市信義區松高路11號	\N
s_2022331	楊佳穎	基隆市立中山高級中學	一年級	0992-611-514	新北市永和區永和路一段100號	\N
s_2022332	蔡佳穎	新北市立新店高級中學	三年級	0910-811-755	新北市永和區永和路一段100號	\N
s_2022333	楊柏翰	台北市立第一女子高級中學	二年級	0982-896-878	基隆市中正區北寧路100號	\N
s_2022334	黃家豪	台北市立第一女子高級中學	三年級	0972-995-640	台北市中正區忠孝西路一段120號	\N
s_2022335	楊佳穎	台北市立第一女子高級中學	一年級	0972-617-129	台北市中正區忠孝西路一段120號	\N
s_2022336	蔡志豪	新北市立新店高級中學	二年級	0911-618-682	新北市板橋區中山路一段200號	\N
s_2022337	劉佳穎	新北市立新店高級中學	二年級	0972-241-912	基隆市仁愛區愛三路50號	\N
s_2022338	張佳穎	台北市立第一女子高級中學	三年級	0912-611-787	基隆市仁愛區愛三路50號	\N
s_2022339	張家豪	新北市立新店高級中學	三年級	0912-323-336	台北市中正區忠孝西路一段120號	\N
s_2022340	黃柏翰	新北市立新店高級中學	三年級	0952-126-876	基隆市中正區北寧路100號	\N
s_2022341	黃心妤	台北市立建國高級中學	三年級	0912-239-674	基隆市中正區北寧路100號	\N
s_2022342	黃昀潔	台北市立第一女子高級中學	一年級	0910-320-200	台北市中正區忠孝西路一段120號	\N
s_2022343	張佳穎	新北市立新店高級中學	二年級	0972-114-852	新北市永和區永和路一段100號	\N
s_2022344	張怡君	基隆市立中山高級中學	三年級	0911-479-208	台北市信義區松高路11號	\N
s_2022345	楊怡君	新北市立新店高級中學	三年級	0912-274-790	新北市永和區永和路一段100號	\N
s_2023001	楊柏翰	台北市立建國高級中學	一年級	0972-758-302	台北市信義區松高路11號	\N
s_2023002	張心妤	台北市立建國高級中學	二年級	0992-132-750	基隆市仁愛區愛三路50號	\N
s_2023003	吳家豪	台北市立第一女子高級中學	三年級	0992-752-365	基隆市仁愛區愛三路50號	\N
s_2023004	蔡佳穎	基隆市立中山高級中學	三年級	0910-904-678	新北市永和區永和路一段100號	\N
s_2023005	黃思涵	台北市立第一女子高級中學	三年級	0972-700-965	新北市永和區永和路一段100號	\N
s_2023006	吳心妤	台北市立第一女子高級中學	一年級	0972-288-638	台北市信義區松高路11號	\N
s_2023007	蔡怡君	基隆市立中山高級中學	一年級	0952-897-772	基隆市中正區北寧路100號	\N
s_2023008	吳昱婷	新北市立新店高級中學	二年級	0972-223-930	台北市中正區忠孝西路一段120號	\N
s_2023009	李志豪	新北市立新店高級中學	一年級	0952-317-723	新北市永和區永和路一段100號	\N
s_2023010	吳心妤	台北市立建國高級中學	三年級	0910-600-292	基隆市中正區北寧路100號	\N
s_2023011	楊冠宇	基隆市立中山高級中學	一年級	0911-360-924	新北市板橋區中山路一段200號	\N
s_2023012	陳佳穎	新北市立新店高級中學	三年級	0952-824-525	基隆市中正區北寧路100號	\N
s_2023013	吳志豪	台北市立第一女子高級中學	一年級	0952-122-309	新北市永和區永和路一段100號	\N
s_2023014	劉昱婷	台北市立第一女子高級中學	一年級	0992-468-736	台北市中正區忠孝西路一段120號	\N
s_2023015	張昱婷	台北市立建國高級中學	二年級	0910-183-664	台北市信義區松高路11號	\N
s_2023016	陳冠宇	台北市立第一女子高級中學	三年級	0911-184-118	台北市信義區松高路11號	\N
s_2023017	吳思涵	台北市立第一女子高級中學	三年級	0910-511-647	台北市中正區忠孝西路一段120號	\N
s_2023018	劉昀潔	台北市立第一女子高級中學	三年級	0972-632-786	新北市永和區永和路一段100號	\N
s_2023019	林冠宇	基隆市立中山高級中學	三年級	0952-426-708	基隆市中正區北寧路100號	\N
s_2023020	王志豪	台北市立建國高級中學	三年級	0910-680-298	台北市信義區松高路11號	\N
s_2023021	李心妤	基隆市立中山高級中學	二年級	0911-230-418	新北市板橋區中山路一段200號	\N
s_2023022	劉志豪	新北市立新店高級中學	二年級	0952-263-269	基隆市仁愛區愛三路50號	\N
s_2023023	張冠宇	基隆市立中山高級中學	三年級	0952-164-794	新北市板橋區中山路一段200號	\N
s_2023024	王柏翰	新北市立新店高級中學	一年級	0931-127-672	新北市永和區永和路一段100號	\N
s_2023025	陳志豪	基隆市立中山高級中學	一年級	0930-358-521	新北市板橋區中山路一段200號	\N
s_2023026	王志豪	新北市立新店高級中學	二年級	0930-370-702	台北市信義區松高路11號	\N
s_2023027	楊心妤	台北市立第一女子高級中學	一年級	0930-528-698	台北市中正區忠孝西路一段120號	\N
s_2023028	林心妤	新北市立新店高級中學	二年級	0952-475-353	新北市永和區永和路一段100號	\N
s_2023029	劉昀潔	基隆市立中山高級中學	一年級	0910-294-313	基隆市仁愛區愛三路50號	\N
s_2023030	黃志豪	台北市立建國高級中學	一年級	0982-575-619	新北市板橋區中山路一段200號	\N
s_2023031	楊志豪	台北市立第一女子高級中學	三年級	0910-992-397	台北市信義區松高路11號	\N
s_2023032	陳昱婷	台北市立第一女子高級中學	一年級	0911-412-954	基隆市仁愛區愛三路50號	\N
s_2023033	陳家豪	新北市立新店高級中學	三年級	0910-238-448	台北市中正區忠孝西路一段120號	\N
s_2023034	黃家豪	台北市立第一女子高級中學	一年級	0930-937-312	基隆市中正區北寧路100號	\N
s_2023035	王家豪	新北市立新店高級中學	三年級	0972-413-981	新北市板橋區中山路一段200號	\N
s_2023036	楊思涵	基隆市立中山高級中學	一年級	0911-499-952	基隆市中正區北寧路100號	\N
s_2023037	張怡君	新北市立新店高級中學	二年級	0910-819-601	台北市中正區忠孝西路一段120號	\N
s_2023038	李柏翰	台北市立建國高級中學	二年級	0930-575-552	台北市信義區松高路11號	\N
s_2023039	林昀潔	新北市立新店高級中學	一年級	0912-316-687	基隆市仁愛區愛三路50號	\N
s_2023040	蔡佳穎	基隆市立中山高級中學	一年級	0972-106-462	基隆市中正區北寧路100號	\N
s_2023041	陳家豪	基隆市立中山高級中學	三年級	0972-961-983	基隆市仁愛區愛三路50號	\N
s_2023042	蔡冠宇	基隆市立中山高級中學	一年級	0930-504-175	基隆市中正區北寧路100號	\N
s_2023043	蔡家豪	台北市立建國高級中學	二年級	0952-625-902	基隆市中正區北寧路100號	\N
s_2023044	李柏翰	台北市立第一女子高級中學	三年級	0931-127-597	台北市中正區忠孝西路一段120號	\N
s_2023045	黃昀潔	台北市立建國高級中學	三年級	0910-305-453	基隆市中正區北寧路100號	\N
s_2023046	李冠宇	台北市立第一女子高級中學	二年級	0982-913-546	基隆市中正區北寧路100號	\N
s_2023047	劉心妤	台北市立第一女子高級中學	二年級	0952-407-675	新北市永和區永和路一段100號	\N
s_2023048	劉思涵	台北市立第一女子高級中學	三年級	0982-601-468	台北市信義區松高路11號	\N
s_2023049	蔡怡君	新北市立新店高級中學	一年級	0972-627-791	台北市中正區忠孝西路一段120號	\N
s_2023050	楊柏翰	台北市立建國高級中學	二年級	0930-250-134	基隆市中正區北寧路100號	\N
s_2023051	張昱婷	台北市立第一女子高級中學	一年級	0930-521-998	台北市中正區忠孝西路一段120號	\N
s_2023052	張家豪	台北市立第一女子高級中學	三年級	0930-119-741	台北市信義區松高路11號	\N
s_2023053	吳心妤	台北市立建國高級中學	二年級	0972-746-530	基隆市仁愛區愛三路50號	\N
s_2023054	林思涵	台北市立第一女子高級中學	一年級	0952-659-330	基隆市中正區北寧路100號	\N
s_2023055	吳昱婷	基隆市立中山高級中學	三年級	0952-306-223	新北市板橋區中山路一段200號	\N
s_2023056	林怡君	基隆市立中山高級中學	一年級	0911-995-625	台北市中正區忠孝西路一段120號	\N
s_2023057	王家豪	台北市立建國高級中學	二年級	0982-192-284	台北市信義區松高路11號	\N
s_2023058	黃昀潔	台北市立第一女子高級中學	二年級	0982-704-192	新北市永和區永和路一段100號	\N
s_2023059	黃昱婷	新北市立新店高級中學	一年級	0910-914-368	新北市板橋區中山路一段200號	\N
s_2023060	陳志豪	基隆市立中山高級中學	三年級	0992-486-566	台北市信義區松高路11號	\N
s_2023061	陳思涵	台北市立第一女子高級中學	二年級	0931-874-925	台北市中正區忠孝西路一段120號	\N
s_2023062	李怡君	台北市立建國高級中學	一年級	0912-981-877	台北市中正區忠孝西路一段120號	\N
s_2023063	蔡昱婷	基隆市立中山高級中學	一年級	0930-576-641	基隆市仁愛區愛三路50號	\N
s_2023064	陳昱婷	台北市立建國高級中學	三年級	0992-230-630	台北市中正區忠孝西路一段120號	\N
s_2023065	李冠宇	基隆市立中山高級中學	二年級	0930-948-407	新北市永和區永和路一段100號	\N
s_2023066	黃家豪	新北市立新店高級中學	二年級	0992-453-502	基隆市仁愛區愛三路50號	\N
s_2023067	陳思涵	台北市立第一女子高級中學	三年級	0952-987-558	新北市板橋區中山路一段200號	\N
s_2023068	張昱婷	新北市立新店高級中學	三年級	0910-394-657	台北市信義區松高路11號	\N
s_2023069	吳怡君	台北市立建國高級中學	一年級	0930-666-326	台北市信義區松高路11號	\N
s_2023070	李思涵	台北市立建國高級中學	三年級	0930-386-361	基隆市中正區北寧路100號	\N
s_2023071	黃志豪	台北市立第一女子高級中學	三年級	0952-599-170	台北市中正區忠孝西路一段120號	\N
s_2023072	楊心妤	台北市立第一女子高級中學	三年級	0992-809-551	基隆市中正區北寧路100號	\N
s_2023073	吳家豪	台北市立第一女子高級中學	一年級	0910-225-636	基隆市中正區北寧路100號	\N
s_2023074	林冠宇	新北市立新店高級中學	一年級	0912-345-135	台北市中正區忠孝西路一段120號	\N
s_2023075	蔡佳穎	台北市立建國高級中學	一年級	0952-716-576	台北市信義區松高路11號	\N
s_2023076	黃怡君	台北市立建國高級中學	二年級	0992-415-853	新北市永和區永和路一段100號	\N
s_2023077	蔡志豪	台北市立建國高級中學	三年級	0992-893-507	台北市中正區忠孝西路一段120號	\N
s_2023078	黃冠宇	台北市立第一女子高級中學	二年級	0931-223-505	新北市永和區永和路一段100號	\N
s_2023079	吳心妤	台北市立第一女子高級中學	一年級	0931-998-982	基隆市中正區北寧路100號	\N
s_2023080	王思涵	台北市立建國高級中學	三年級	0972-331-856	台北市信義區松高路11號	\N
s_2023081	李冠宇	台北市立建國高級中學	三年級	0931-445-706	基隆市中正區北寧路100號	\N
s_2023082	林志豪	台北市立第一女子高級中學	一年級	0911-912-607	台北市信義區松高路11號	\N
s_2023083	蔡冠宇	台北市立第一女子高級中學	一年級	0992-878-157	基隆市仁愛區愛三路50號	\N
s_2023084	林冠宇	新北市立新店高級中學	二年級	0931-400-992	台北市信義區松高路11號	\N
s_2023085	李冠宇	台北市立第一女子高級中學	一年級	0931-166-336	台北市中正區忠孝西路一段120號	\N
s_2023086	林心妤	台北市立第一女子高級中學	三年級	0982-974-314	台北市中正區忠孝西路一段120號	\N
s_2023087	林昀潔	基隆市立中山高級中學	三年級	0931-982-724	新北市永和區永和路一段100號	\N
s_2023088	楊家豪	新北市立新店高級中學	二年級	0930-976-609	台北市中正區忠孝西路一段120號	\N
s_2023089	蔡柏翰	基隆市立中山高級中學	三年級	0982-587-245	新北市板橋區中山路一段200號	\N
s_2023090	蔡思涵	基隆市立中山高級中學	二年級	0930-466-325	新北市永和區永和路一段100號	\N
s_2023091	劉昱婷	基隆市立中山高級中學	三年級	0930-980-277	新北市板橋區中山路一段200號	\N
s_2023092	陳家豪	台北市立建國高級中學	二年級	0911-842-197	基隆市仁愛區愛三路50號	\N
s_2023093	劉志豪	基隆市立中山高級中學	三年級	0952-459-676	新北市板橋區中山路一段200號	\N
s_2023094	張佳穎	台北市立第一女子高級中學	二年級	0911-168-314	台北市中正區忠孝西路一段120號	\N
s_2023095	蔡昱婷	台北市立建國高級中學	三年級	0910-697-857	台北市中正區忠孝西路一段120號	\N
s_2023096	張心妤	基隆市立中山高級中學	三年級	0992-722-809	基隆市中正區北寧路100號	\N
s_2023097	黃冠宇	基隆市立中山高級中學	三年級	0972-557-109	基隆市仁愛區愛三路50號	\N
s_2023098	王怡君	基隆市立中山高級中學	二年級	0912-573-508	新北市永和區永和路一段100號	\N
s_2023099	劉柏翰	基隆市立中山高級中學	二年級	0910-589-811	新北市永和區永和路一段100號	\N
s_2023100	劉柏翰	台北市立建國高級中學	一年級	0992-666-440	新北市永和區永和路一段100號	\N
s_2023101	林心妤	基隆市立中山高級中學	三年級	0912-450-989	新北市板橋區中山路一段200號	\N
s_2023102	李昱婷	基隆市立中山高級中學	三年級	0931-159-784	基隆市仁愛區愛三路50號	\N
s_2023103	蔡冠宇	新北市立新店高級中學	三年級	0982-395-118	新北市永和區永和路一段100號	\N
s_2023104	蔡心妤	台北市立建國高級中學	三年級	0930-184-425	新北市永和區永和路一段100號	\N
s_2023105	王思涵	新北市立新店高級中學	二年級	0972-193-462	基隆市中正區北寧路100號	\N
s_2023106	楊志豪	新北市立新店高級中學	一年級	0912-357-814	台北市信義區松高路11號	\N
s_2023107	楊怡君	台北市立建國高級中學	三年級	0972-570-958	新北市板橋區中山路一段200號	\N
s_2023108	王心妤	新北市立新店高級中學	一年級	0992-576-197	基隆市仁愛區愛三路50號	\N
s_2023109	蔡志豪	台北市立建國高級中學	三年級	0972-306-187	基隆市中正區北寧路100號	\N
s_2023110	王昱婷	台北市立第一女子高級中學	二年級	0931-640-426	新北市永和區永和路一段100號	\N
s_2023111	林家豪	台北市立建國高級中學	一年級	0912-823-819	基隆市中正區北寧路100號	\N
s_2023112	蔡佳穎	台北市立第一女子高級中學	三年級	0982-747-634	基隆市中正區北寧路100號	\N
s_2023113	李怡君	台北市立建國高級中學	二年級	0992-380-149	台北市中正區忠孝西路一段120號	\N
s_2023114	陳怡君	新北市立新店高級中學	二年級	0912-148-344	新北市永和區永和路一段100號	\N
s_2023115	蔡佳穎	台北市立建國高級中學	一年級	0931-703-453	新北市板橋區中山路一段200號	\N
s_2023116	張冠宇	基隆市立中山高級中學	二年級	0912-513-203	新北市永和區永和路一段100號	\N
s_2023117	楊家豪	台北市立建國高級中學	一年級	0982-556-596	基隆市仁愛區愛三路50號	\N
s_2023118	林佳穎	台北市立建國高級中學	三年級	0931-797-822	基隆市仁愛區愛三路50號	\N
s_2023119	李昀潔	台北市立第一女子高級中學	一年級	0910-625-439	台北市中正區忠孝西路一段120號	\N
s_2023120	黃怡君	台北市立第一女子高級中學	三年級	0992-230-720	基隆市仁愛區愛三路50號	\N
s_2023121	張昱婷	基隆市立中山高級中學	二年級	0972-614-114	台北市信義區松高路11號	\N
s_2023122	李志豪	台北市立第一女子高級中學	三年級	0912-192-162	基隆市仁愛區愛三路50號	\N
s_2023123	蔡冠宇	新北市立新店高級中學	二年級	0992-798-453	基隆市中正區北寧路100號	\N
s_2023124	陳怡君	新北市立新店高級中學	一年級	0982-838-246	基隆市仁愛區愛三路50號	\N
s_2023125	張冠宇	新北市立新店高級中學	一年級	0930-265-283	台北市中正區忠孝西路一段120號	\N
s_2023126	楊冠宇	基隆市立中山高級中學	二年級	0930-734-358	台北市中正區忠孝西路一段120號	\N
s_2023127	張柏翰	台北市立建國高級中學	三年級	0910-533-513	基隆市仁愛區愛三路50號	\N
s_2023128	楊冠宇	台北市立第一女子高級中學	二年級	0952-102-834	基隆市中正區北寧路100號	\N
s_2023129	張志豪	基隆市立中山高級中學	二年級	0910-312-230	基隆市中正區北寧路100號	\N
s_2023130	王怡君	台北市立建國高級中學	一年級	0992-148-889	新北市板橋區中山路一段200號	\N
s_2023131	楊家豪	台北市立建國高級中學	一年級	0911-719-108	台北市信義區松高路11號	\N
s_2023132	黃志豪	台北市立建國高級中學	一年級	0952-383-390	台北市信義區松高路11號	\N
s_2023133	劉柏翰	台北市立建國高級中學	三年級	0912-833-245	台北市中正區忠孝西路一段120號	\N
s_2023134	劉佳穎	台北市立建國高級中學	一年級	0972-860-973	新北市永和區永和路一段100號	\N
s_2023135	劉佳穎	新北市立新店高級中學	一年級	0910-588-626	台北市中正區忠孝西路一段120號	\N
s_2023136	王冠宇	台北市立第一女子高級中學	一年級	0912-935-681	台北市信義區松高路11號	\N
s_2023137	張怡君	基隆市立中山高級中學	三年級	0952-118-659	新北市板橋區中山路一段200號	\N
s_2023138	張冠宇	新北市立新店高級中學	二年級	0931-215-768	台北市信義區松高路11號	\N
s_2023139	林昱婷	台北市立建國高級中學	一年級	0972-544-483	基隆市仁愛區愛三路50號	\N
s_2023140	黃思涵	台北市立建國高級中學	一年級	0931-798-866	台北市信義區松高路11號	\N
s_2023141	吳志豪	台北市立建國高級中學	三年級	0931-162-314	基隆市中正區北寧路100號	\N
s_2023142	劉冠宇	台北市立第一女子高級中學	一年級	0972-476-462	基隆市仁愛區愛三路50號	\N
s_2023143	李昀潔	台北市立第一女子高級中學	二年級	0930-592-636	新北市板橋區中山路一段200號	\N
s_2023144	楊昱婷	新北市立新店高級中學	一年級	0972-995-692	台北市中正區忠孝西路一段120號	\N
s_2023145	王昀潔	台北市立建國高級中學	三年級	0992-378-808	台北市中正區忠孝西路一段120號	\N
s_2023146	陳柏翰	新北市立新店高級中學	一年級	0912-411-592	台北市中正區忠孝西路一段120號	\N
s_2023147	劉冠宇	台北市立第一女子高級中學	三年級	0930-170-880	基隆市仁愛區愛三路50號	\N
s_2023148	劉思涵	台北市立建國高級中學	二年級	0982-247-792	基隆市仁愛區愛三路50號	\N
s_2023149	李志豪	新北市立新店高級中學	三年級	0930-492-759	基隆市仁愛區愛三路50號	\N
s_2023150	陳家豪	基隆市立中山高級中學	二年級	0952-411-453	新北市板橋區中山路一段200號	\N
s_2023151	張柏翰	新北市立新店高級中學	一年級	0912-848-482	新北市板橋區中山路一段200號	\N
s_2023152	劉怡君	台北市立第一女子高級中學	一年級	0972-635-752	基隆市中正區北寧路100號	\N
s_2023153	黃思涵	基隆市立中山高級中學	二年級	0982-135-299	台北市信義區松高路11號	\N
s_2023154	楊昀潔	台北市立第一女子高級中學	一年級	0972-656-571	基隆市仁愛區愛三路50號	\N
s_2023155	林志豪	台北市立第一女子高級中學	三年級	0910-912-358	台北市信義區松高路11號	\N
s_2023156	吳怡君	基隆市立中山高級中學	二年級	0952-771-884	新北市永和區永和路一段100號	\N
s_2023157	蔡昱婷	台北市立建國高級中學	一年級	0911-711-959	台北市信義區松高路11號	\N
s_2023158	劉冠宇	基隆市立中山高級中學	一年級	0931-806-932	新北市板橋區中山路一段200號	\N
s_2023159	林冠宇	基隆市立中山高級中學	二年級	0952-156-367	新北市永和區永和路一段100號	\N
s_2023160	陳怡君	基隆市立中山高級中學	二年級	0982-414-396	新北市永和區永和路一段100號	\N
s_2023161	王怡君	基隆市立中山高級中學	二年級	0931-874-169	台北市信義區松高路11號	\N
s_2023162	李柏翰	台北市立建國高級中學	一年級	0982-322-683	台北市信義區松高路11號	\N
s_2023163	黃柏翰	台北市立第一女子高級中學	二年級	0910-379-239	台北市中正區忠孝西路一段120號	\N
s_2023164	黃家豪	台北市立建國高級中學	一年級	0910-770-920	台北市中正區忠孝西路一段120號	\N
s_2023165	蔡怡君	新北市立新店高級中學	三年級	0992-460-273	基隆市仁愛區愛三路50號	\N
s_2023166	林昀潔	新北市立新店高級中學	一年級	0992-233-306	新北市板橋區中山路一段200號	\N
s_2023167	王柏翰	新北市立新店高級中學	三年級	0931-761-829	台北市中正區忠孝西路一段120號	\N
s_2023168	王思涵	基隆市立中山高級中學	二年級	0972-552-717	台北市信義區松高路11號	\N
s_2023169	陳思涵	新北市立新店高級中學	三年級	0912-640-389	新北市永和區永和路一段100號	\N
s_2023170	張柏翰	新北市立新店高級中學	三年級	0910-562-314	台北市信義區松高路11號	\N
s_2023171	劉家豪	台北市立第一女子高級中學	二年級	0972-210-588	基隆市中正區北寧路100號	\N
s_2023172	黃志豪	基隆市立中山高級中學	一年級	0952-731-645	台北市中正區忠孝西路一段120號	\N
s_2023173	王思涵	新北市立新店高級中學	二年級	0992-745-132	新北市永和區永和路一段100號	\N
s_2023174	劉心妤	新北市立新店高級中學	二年級	0972-813-958	台北市中正區忠孝西路一段120號	\N
s_2023175	林志豪	台北市立第一女子高級中學	二年級	0952-278-728	台北市信義區松高路11號	\N
s_2023176	陳佳穎	台北市立建國高級中學	二年級	0992-382-777	新北市永和區永和路一段100號	\N
s_2023177	王柏翰	台北市立第一女子高級中學	三年級	0931-375-270	新北市板橋區中山路一段200號	\N
s_2023178	楊昀潔	台北市立建國高級中學	二年級	0911-372-285	台北市中正區忠孝西路一段120號	\N
s_2023179	張昱婷	新北市立新店高級中學	三年級	0930-959-748	台北市中正區忠孝西路一段120號	\N
s_2023180	林佳穎	台北市立第一女子高級中學	一年級	0911-301-853	新北市板橋區中山路一段200號	\N
s_2023181	林思涵	基隆市立中山高級中學	三年級	0992-163-812	台北市中正區忠孝西路一段120號	\N
s_2023182	張昱婷	新北市立新店高級中學	二年級	0972-905-693	台北市信義區松高路11號	\N
s_2023183	林昱婷	基隆市立中山高級中學	二年級	0931-228-346	新北市永和區永和路一段100號	\N
s_2023184	吳思涵	台北市立第一女子高級中學	一年級	0910-185-845	台北市中正區忠孝西路一段120號	\N
s_2023185	陳昱婷	新北市立新店高級中學	三年級	0931-615-655	台北市信義區松高路11號	\N
s_2023186	楊冠宇	台北市立建國高級中學	一年級	0911-292-296	新北市永和區永和路一段100號	\N
s_2023187	陳昀潔	台北市立第一女子高級中學	二年級	0911-342-320	台北市中正區忠孝西路一段120號	\N
s_2023188	黃冠宇	台北市立建國高級中學	一年級	0911-900-236	新北市板橋區中山路一段200號	\N
s_2023189	王心妤	台北市立建國高級中學	三年級	0930-716-553	台北市信義區松高路11號	\N
s_2023190	王柏翰	台北市立建國高級中學	二年級	0912-791-522	新北市永和區永和路一段100號	\N
s_2023191	吳思涵	新北市立新店高級中學	一年級	0911-938-656	台北市信義區松高路11號	\N
s_2023192	劉佳穎	新北市立新店高級中學	一年級	0912-158-457	台北市信義區松高路11號	\N
s_2023193	王怡君	基隆市立中山高級中學	一年級	0911-663-932	基隆市中正區北寧路100號	\N
s_2023194	張昱婷	台北市立第一女子高級中學	一年級	0992-783-982	新北市板橋區中山路一段200號	\N
s_2023195	張思涵	基隆市立中山高級中學	二年級	0992-393-843	基隆市中正區北寧路100號	\N
s_2023196	王昀潔	台北市立第一女子高級中學	三年級	0992-768-537	台北市信義區松高路11號	\N
s_2023197	李佳穎	台北市立第一女子高級中學	三年級	0952-627-393	台北市中正區忠孝西路一段120號	\N
s_2023198	黃昱婷	台北市立建國高級中學	二年級	0982-571-900	新北市板橋區中山路一段200號	\N
s_2023199	王家豪	新北市立新店高級中學	二年級	0992-680-478	基隆市中正區北寧路100號	\N
s_2023200	林昀潔	新北市立新店高級中學	一年級	0931-495-519	基隆市中正區北寧路100號	\N
s_2023201	楊思涵	基隆市立中山高級中學	三年級	0930-963-829	新北市板橋區中山路一段200號	\N
s_2023202	陳志豪	新北市立新店高級中學	三年級	0911-319-101	基隆市仁愛區愛三路50號	\N
s_2023203	林佳穎	新北市立新店高級中學	二年級	0952-571-543	新北市板橋區中山路一段200號	\N
s_2023204	楊家豪	台北市立第一女子高級中學	二年級	0911-956-531	基隆市仁愛區愛三路50號	\N
s_2023205	劉冠宇	台北市立建國高級中學	二年級	0982-293-228	新北市永和區永和路一段100號	\N
s_2023206	吳志豪	基隆市立中山高級中學	三年級	0930-199-698	新北市永和區永和路一段100號	\N
s_2023207	陳冠宇	基隆市立中山高級中學	三年級	0931-244-981	台北市中正區忠孝西路一段120號	\N
s_2023208	陳冠宇	基隆市立中山高級中學	一年級	0972-442-116	台北市中正區忠孝西路一段120號	\N
s_2023209	林怡君	基隆市立中山高級中學	一年級	0911-366-102	台北市信義區松高路11號	\N
s_2023210	張柏翰	新北市立新店高級中學	一年級	0911-780-481	基隆市仁愛區愛三路50號	\N
s_2023211	蔡冠宇	基隆市立中山高級中學	三年級	0911-607-349	基隆市中正區北寧路100號	\N
s_2023212	蔡思涵	新北市立新店高級中學	二年級	0992-388-896	新北市板橋區中山路一段200號	\N
s_2023213	蔡昱婷	新北市立新店高級中學	一年級	0992-298-709	基隆市中正區北寧路100號	\N
s_2023214	張冠宇	基隆市立中山高級中學	二年級	0912-369-603	新北市板橋區中山路一段200號	\N
s_2023215	劉柏翰	台北市立第一女子高級中學	三年級	0972-811-638	新北市板橋區中山路一段200號	\N
s_2023216	楊家豪	新北市立新店高級中學	一年級	0930-973-470	台北市信義區松高路11號	\N
s_2023217	林柏翰	新北市立新店高級中學	一年級	0911-639-758	新北市永和區永和路一段100號	\N
s_2023218	林冠宇	台北市立第一女子高級中學	三年級	0982-784-942	基隆市中正區北寧路100號	\N
s_2023219	黃佳穎	新北市立新店高級中學	一年級	0931-680-583	台北市信義區松高路11號	\N
s_2023220	黃昀潔	基隆市立中山高級中學	一年級	0911-153-459	台北市信義區松高路11號	\N
s_2023221	李昱婷	台北市立第一女子高級中學	三年級	0931-924-599	台北市信義區松高路11號	\N
s_2023222	陳冠宇	基隆市立中山高級中學	二年級	0931-109-695	新北市永和區永和路一段100號	\N
s_2023223	黃昀潔	基隆市立中山高級中學	二年級	0972-693-575	新北市板橋區中山路一段200號	\N
s_2023224	蔡思涵	台北市立第一女子高級中學	一年級	0931-869-479	台北市信義區松高路11號	\N
s_2023225	李柏翰	台北市立第一女子高級中學	一年級	0982-486-380	基隆市中正區北寧路100號	\N
s_2023226	劉心妤	新北市立新店高級中學	三年級	0952-693-718	基隆市仁愛區愛三路50號	\N
s_2023227	劉柏翰	新北市立新店高級中學	一年級	0910-948-917	台北市信義區松高路11號	\N
s_2023228	林家豪	台北市立建國高級中學	三年級	0972-981-896	台北市中正區忠孝西路一段120號	\N
s_2023229	李冠宇	台北市立建國高級中學	一年級	0912-166-431	新北市板橋區中山路一段200號	\N
s_2023230	張冠宇	基隆市立中山高級中學	三年級	0952-466-872	新北市板橋區中山路一段200號	\N
s_2023231	劉心妤	台北市立建國高級中學	一年級	0911-441-920	基隆市中正區北寧路100號	\N
s_2023232	張柏翰	基隆市立中山高級中學	一年級	0910-336-182	新北市永和區永和路一段100號	\N
s_2023233	李思涵	新北市立新店高級中學	一年級	0992-114-380	基隆市仁愛區愛三路50號	\N
s_2023234	李柏翰	台北市立建國高級中學	三年級	0982-708-117	基隆市仁愛區愛三路50號	\N
s_2023235	楊心妤	台北市立第一女子高級中學	一年級	0982-862-858	台北市中正區忠孝西路一段120號	\N
s_2023236	林志豪	新北市立新店高級中學	二年級	0952-831-684	基隆市仁愛區愛三路50號	\N
s_2023237	林家豪	基隆市立中山高級中學	三年級	0992-915-386	新北市板橋區中山路一段200號	\N
s_2023238	劉怡君	基隆市立中山高級中學	二年級	0952-280-915	台北市信義區松高路11號	\N
s_2023239	楊昀潔	新北市立新店高級中學	二年級	0992-991-417	基隆市仁愛區愛三路50號	\N
s_2023240	黃冠宇	新北市立新店高級中學	三年級	0912-217-585	台北市中正區忠孝西路一段120號	\N
s_2023241	張家豪	台北市立第一女子高級中學	三年級	0982-106-434	基隆市仁愛區愛三路50號	\N
s_2023242	張昱婷	台北市立建國高級中學	二年級	0952-372-738	新北市板橋區中山路一段200號	\N
s_2023243	李柏翰	基隆市立中山高級中學	二年級	0992-919-787	新北市板橋區中山路一段200號	\N
s_2023244	王怡君	台北市立建國高級中學	三年級	0912-207-896	台北市中正區忠孝西路一段120號	\N
s_2023245	楊冠宇	台北市立第一女子高級中學	二年級	0982-265-938	台北市中正區忠孝西路一段120號	\N
s_2023246	陳昀潔	台北市立建國高級中學	二年級	0952-100-976	台北市信義區松高路11號	\N
s_2023247	楊家豪	基隆市立中山高級中學	二年級	0912-790-120	台北市信義區松高路11號	\N
s_2023248	張思涵	新北市立新店高級中學	二年級	0911-614-864	新北市板橋區中山路一段200號	\N
s_2023249	蔡心妤	新北市立新店高級中學	一年級	0930-528-231	台北市信義區松高路11號	\N
s_2023250	蔡志豪	台北市立第一女子高級中學	二年級	0952-688-430	台北市信義區松高路11號	\N
s_2023251	黃思涵	台北市立建國高級中學	一年級	0930-195-960	基隆市仁愛區愛三路50號	\N
s_2023252	吳怡君	新北市立新店高級中學	二年級	0992-345-375	新北市板橋區中山路一段200號	\N
s_2023253	王冠宇	新北市立新店高級中學	二年級	0910-414-511	新北市板橋區中山路一段200號	\N
s_2023254	王思涵	台北市立建國高級中學	一年級	0912-776-403	新北市永和區永和路一段100號	\N
s_2023255	王昀潔	基隆市立中山高級中學	二年級	0992-138-101	台北市信義區松高路11號	\N
s_2023256	劉柏翰	台北市立第一女子高級中學	二年級	0972-112-734	台北市中正區忠孝西路一段120號	\N
s_2023257	王家豪	新北市立新店高級中學	二年級	0912-121-834	基隆市中正區北寧路100號	\N
s_2023258	張昱婷	台北市立第一女子高級中學	二年級	0911-541-274	新北市永和區永和路一段100號	\N
s_2023259	蔡柏翰	台北市立建國高級中學	二年級	0992-307-152	新北市永和區永和路一段100號	\N
s_2023260	楊柏翰	基隆市立中山高級中學	一年級	0912-340-772	新北市永和區永和路一段100號	\N
s_2023261	黃志豪	基隆市立中山高級中學	三年級	0931-204-679	台北市信義區松高路11號	\N
s_2023262	陳冠宇	台北市立建國高級中學	一年級	0930-500-799	基隆市中正區北寧路100號	\N
s_2023263	劉怡君	基隆市立中山高級中學	二年級	0952-517-602	新北市板橋區中山路一段200號	\N
s_2023264	黃志豪	新北市立新店高級中學	一年級	0931-634-847	基隆市仁愛區愛三路50號	\N
s_2023265	王柏翰	新北市立新店高級中學	一年級	0992-521-805	基隆市仁愛區愛三路50號	\N
s_2023266	吳佳穎	台北市立建國高級中學	一年級	0911-239-403	台北市信義區松高路11號	\N
s_2023267	陳昱婷	台北市立建國高級中學	二年級	0952-183-547	台北市信義區松高路11號	\N
s_2023268	吳昀潔	基隆市立中山高級中學	三年級	0910-221-128	新北市永和區永和路一段100號	\N
s_2023269	王家豪	台北市立建國高級中學	三年級	0930-778-675	台北市中正區忠孝西路一段120號	\N
s_2023270	張柏翰	新北市立新店高級中學	二年級	0931-882-464	台北市中正區忠孝西路一段120號	\N
s_2023271	黃志豪	台北市立建國高級中學	三年級	0952-352-528	新北市永和區永和路一段100號	\N
s_2023272	王昱婷	台北市立第一女子高級中學	一年級	0992-868-795	新北市板橋區中山路一段200號	\N
s_2023273	蔡冠宇	基隆市立中山高級中學	二年級	0952-646-879	台北市信義區松高路11號	\N
s_2023274	吳柏翰	基隆市立中山高級中學	一年級	0931-909-201	台北市中正區忠孝西路一段120號	\N
s_2023275	李家豪	台北市立第一女子高級中學	一年級	0912-268-122	基隆市仁愛區愛三路50號	\N
s_2023276	劉家豪	台北市立建國高級中學	一年級	0952-271-804	台北市中正區忠孝西路一段120號	\N
s_2023277	李思涵	台北市立建國高級中學	三年級	0982-218-576	基隆市仁愛區愛三路50號	\N
s_2023278	吳柏翰	台北市立第一女子高級中學	一年級	0982-203-201	新北市板橋區中山路一段200號	\N
s_2023279	林佳穎	新北市立新店高級中學	三年級	0952-610-963	台北市信義區松高路11號	\N
s_2023280	楊怡君	新北市立新店高級中學	三年級	0992-962-722	台北市中正區忠孝西路一段120號	\N
s_2023281	李怡君	基隆市立中山高級中學	三年級	0930-598-987	基隆市中正區北寧路100號	\N
s_2023282	黃昀潔	台北市立第一女子高級中學	二年級	0912-229-965	新北市永和區永和路一段100號	\N
s_2023283	李家豪	基隆市立中山高級中學	一年級	0952-971-265	台北市中正區忠孝西路一段120號	\N
s_2023284	陳心妤	新北市立新店高級中學	一年級	0931-672-919	新北市永和區永和路一段100號	\N
s_2023285	王昱婷	基隆市立中山高級中學	三年級	0972-407-740	新北市板橋區中山路一段200號	\N
s_2023286	蔡志豪	台北市立第一女子高級中學	二年級	0910-499-861	台北市信義區松高路11號	\N
s_2023287	蔡佳穎	基隆市立中山高級中學	二年級	0912-278-683	基隆市仁愛區愛三路50號	\N
s_2023288	陳家豪	新北市立新店高級中學	一年級	0952-390-561	新北市板橋區中山路一段200號	\N
s_2023289	楊昱婷	基隆市立中山高級中學	二年級	0992-759-138	基隆市仁愛區愛三路50號	\N
s_2023290	張家豪	台北市立第一女子高級中學	三年級	0972-606-474	新北市板橋區中山路一段200號	\N
s_2023291	林家豪	基隆市立中山高級中學	二年級	0992-231-739	台北市中正區忠孝西路一段120號	\N
s_2023292	吳佳穎	台北市立建國高級中學	二年級	0982-278-779	台北市中正區忠孝西路一段120號	\N
s_2023293	陳思涵	台北市立第一女子高級中學	三年級	0912-818-392	台北市信義區松高路11號	\N
s_2023294	吳冠宇	新北市立新店高級中學	二年級	0930-980-226	台北市中正區忠孝西路一段120號	\N
s_2023295	蔡怡君	台北市立建國高級中學	三年級	0930-936-627	基隆市中正區北寧路100號	\N
s_2023296	劉柏翰	基隆市立中山高級中學	一年級	0910-914-564	基隆市中正區北寧路100號	\N
s_2023297	黃昀潔	新北市立新店高級中學	三年級	0912-403-508	新北市永和區永和路一段100號	\N
s_2023298	劉佳穎	台北市立建國高級中學	三年級	0912-868-805	台北市中正區忠孝西路一段120號	\N
s_2023299	林冠宇	台北市立第一女子高級中學	三年級	0930-937-679	新北市板橋區中山路一段200號	\N
s_2023300	楊心妤	台北市立第一女子高級中學	三年級	0972-696-873	基隆市中正區北寧路100號	\N
s_2023301	林冠宇	台北市立建國高級中學	二年級	0911-377-113	台北市信義區松高路11號	\N
s_2023302	吳心妤	基隆市立中山高級中學	二年級	0952-922-852	台北市中正區忠孝西路一段120號	\N
s_2023303	陳柏翰	基隆市立中山高級中學	三年級	0982-741-779	台北市信義區松高路11號	\N
s_2023304	楊冠宇	新北市立新店高級中學	二年級	0930-455-779	基隆市中正區北寧路100號	\N
s_2023305	黃昀潔	台北市立第一女子高級中學	三年級	0912-312-445	基隆市仁愛區愛三路50號	\N
s_2023306	蔡柏翰	基隆市立中山高級中學	二年級	0992-123-332	新北市永和區永和路一段100號	\N
s_2023307	蔡冠宇	新北市立新店高級中學	一年級	0931-487-808	新北市永和區永和路一段100號	\N
s_2023308	王佳穎	新北市立新店高級中學	二年級	0992-826-364	台北市信義區松高路11號	\N
s_2023309	吳怡君	台北市立第一女子高級中學	一年級	0930-733-852	新北市永和區永和路一段100號	\N
s_2023310	陳家豪	台北市立建國高級中學	一年級	0982-963-963	新北市板橋區中山路一段200號	\N
s_2023311	黃佳穎	基隆市立中山高級中學	二年級	0910-880-617	台北市信義區松高路11號	\N
s_2023312	劉志豪	台北市立建國高級中學	一年級	0930-563-427	新北市永和區永和路一段100號	\N
s_2023313	蔡志豪	新北市立新店高級中學	二年級	0912-572-486	基隆市仁愛區愛三路50號	\N
s_2023314	林家豪	新北市立新店高級中學	三年級	0952-938-491	基隆市中正區北寧路100號	\N
s_2023315	李昱婷	基隆市立中山高級中學	三年級	0982-370-937	新北市永和區永和路一段100號	\N
s_2023316	張心妤	台北市立第一女子高級中學	三年級	0982-375-637	基隆市仁愛區愛三路50號	\N
\.


--
-- Data for Name: take; Type: TABLE DATA; Schema: public; Owner: nia
--

COPY public.take (student_id, class_id) FROM stdin;
s_2021002	113103A
s_2021003	113102A
s_2021004	111203A
s_2021005	112203C
s_2021006	113201B
s_2021007	112203A
s_2021008	111202A
s_2021010	113203A
s_2021011	111203C
s_2021012	112102A
s_2021013	112103C
s_2021014	112103A
s_2021015	113203A
s_2021016	112203A
s_2021017	113101C
s_2021018	113202C
s_2021019	113103C
s_2021020	111101C
s_2021021	113102B
s_2021022	113203A
s_2021023	113102A
s_2021024	111101C
s_2021025	111102C
s_2021026	112203A
s_2021027	111103A
s_2021028	113203A
s_2021029	112101B
s_2021030	112201A
s_2021031	112201C
s_2021032	113203A
s_2021033	111102A
s_2021034	112103C
s_2021035	113202C
s_2021036	113202B
s_2021037	111102B
s_2021038	112102B
s_2021039	113101B
s_2021040	111102B
s_2021041	111103C
s_2021042	113102C
s_2021043	113101A
s_2021044	111101C
s_2021045	113202B
s_2021046	111102C
s_2021047	113103A
s_2021048	113102B
s_2021049	111202B
s_2021050	111102C
s_2021051	111102C
s_2021052	111103C
s_2021053	112101A
s_2021054	113102C
s_2021055	112102C
s_2021056	113103A
s_2021057	113102B
s_2021058	111202C
s_2021059	111203C
s_2021060	112102B
s_2021061	113101B
s_2021062	112203A
s_2021063	111202A
s_2021064	113201B
s_2021065	112101A
s_2021066	112202C
s_2021067	111203C
s_2021068	111202B
s_2021069	111201C
s_2021070	112102C
s_2021071	113102C
s_2021072	112103A
s_2021073	111202C
s_2021074	113203C
s_2021075	113203C
s_2021076	113103C
s_2021077	111102C
s_2021078	112103C
s_2021079	112203A
s_2021080	112203C
s_2021081	111103A
s_2021082	111102A
s_2021083	112102C
s_2021084	113101B
s_2021085	111202A
s_2021086	111203A
s_2021087	113103A
s_2021088	113202A
s_2021089	113101C
s_2021090	111103C
s_2021091	112103C
s_2021092	111102B
s_2021093	112101B
s_2021094	113203A
s_2021095	113203C
s_2021096	112201C
s_2021097	111102C
s_2021098	113103C
s_2021099	113101B
s_2021100	112101C
s_2021101	111102B
s_2021102	113202C
s_2021103	112201C
s_2021104	111202C
s_2021105	111101A
s_2021106	111103C
s_2021107	111102A
s_2021108	111102B
s_2021109	111203C
s_2021110	113203C
s_2021111	113203A
s_2021112	112203C
s_2021113	111101A
s_2021114	111201B
s_2021115	112101B
s_2021116	111202A
s_2021117	112102A
s_2021118	112101A
s_2021119	112203C
s_2021120	112101C
s_2021121	111101C
s_2021122	113101C
s_2021123	112201C
s_2021124	111203C
s_2021125	113201A
s_2021126	111203C
s_2021127	111202B
s_2021128	113101A
s_2021129	112203C
s_2021130	113102B
s_2021131	111102C
s_2021132	111202B
s_2021133	113203A
s_2021134	112103C
s_2021135	112102C
s_2021136	111203A
s_2021137	111202B
s_2021138	112102A
s_2021139	112103C
s_2021140	113202A
s_2021141	112103C
s_2021142	111102A
s_2021143	111102B
s_2021144	111101A
s_2021145	112202A
s_2021146	112202A
s_2021147	111103A
s_2021148	112101B
s_2021149	111102B
s_2021150	113203A
s_2021151	112201A
s_2021152	112102C
s_2021153	111103C
s_2021154	112102A
s_2021155	111203C
s_2021156	112101B
s_2021157	112203C
s_2021158	111201C
s_2021159	112101A
s_2021160	113203C
s_2021161	112202C
s_2021162	111201B
s_2021163	113102B
s_2021164	113102B
s_2021165	111202C
s_2021166	113102C
s_2021167	112103C
s_2022001	112101A
s_2022002	113102C
s_2022003	111201C
s_2022004	111103C
s_2022005	112203C
s_2022006	112203C
s_2022007	113102C
s_2022008	113201A
s_2022009	112101B
s_2022010	111101A
s_2022011	112103A
s_2022012	111101A
s_2022013	113101A
s_2022014	112202A
s_2022015	112201A
s_2022016	112202B
s_2022017	113202B
s_2022018	112202A
s_2022019	112101C
s_2022020	112101B
s_2022021	113202A
s_2022022	111202B
s_2022023	111201C
s_2022024	111101B
s_2022025	112201A
s_2022026	111203A
s_2022027	113102B
s_2022028	111202B
s_2022029	111201C
s_2022030	113202A
s_2022031	111102C
s_2022032	113201B
s_2022033	113202B
s_2022034	113102B
s_2022035	113101A
s_2022036	112201C
s_2022037	112201B
s_2022038	111101C
s_2022039	113202B
s_2022040	112101A
s_2022041	112203A
s_2022042	111201B
s_2022043	113103A
s_2022044	112203A
s_2022045	112101C
s_2022046	113202B
s_2022047	111103A
s_2022048	113202C
s_2022049	112202B
s_2022050	113103C
s_2022051	111202C
s_2022052	113103C
s_2022053	113202B
s_2022054	113203C
s_2022055	113101A
s_2022056	112102C
s_2022057	113102C
s_2022058	113202C
s_2022059	112101A
s_2022060	111103C
s_2022061	111102C
s_2022062	111103C
s_2022063	112102B
s_2022064	111201A
s_2022065	111201B
s_2022066	113202A
s_2022067	112103A
s_2022068	113102C
s_2022069	113202A
s_2022070	111201C
s_2022071	111203C
s_2022072	111203C
s_2022073	113201C
s_2022074	113103A
s_2022075	113101B
s_2022076	112202B
s_2022077	112202A
s_2022078	112201B
s_2022079	113203C
s_2022080	112101A
s_2022081	113102C
s_2022082	113101C
s_2022083	113203C
s_2022084	113103C
s_2022085	113201C
s_2022086	112102B
s_2022087	111101A
s_2022088	112103C
s_2022089	111103C
s_2022090	112102A
s_2022091	113103C
s_2022092	113102C
s_2022093	111202A
s_2022094	113203C
s_2022095	111101B
s_2022096	113103C
s_2022097	111102A
s_2022098	112202B
s_2022099	112101A
s_2022100	112203C
s_2022101	113102B
s_2022102	113203C
s_2022103	111101A
s_2022104	111203C
s_2022105	113201A
s_2022106	113201A
s_2022107	113202A
s_2022108	113202A
s_2022109	113103A
s_2022110	111201A
s_2022111	112202A
s_2022112	111102C
s_2022113	112201C
s_2022114	113103C
s_2022115	112102B
s_2022116	112101A
s_2022117	111202C
s_2022118	111103C
s_2022119	111102A
s_2022120	113202A
s_2022121	113101B
s_2022122	113201B
s_2022123	112103C
s_2022124	111102C
s_2022125	111103C
s_2022126	111203A
s_2022127	113202C
s_2022128	112101B
s_2022129	112102C
s_2022130	113102A
s_2022131	111101A
s_2022132	112203C
s_2022133	112101C
s_2022134	111101C
s_2022135	113101B
s_2022136	111202B
s_2022137	111201C
s_2022138	112103C
s_2022139	112202C
s_2022140	111102A
s_2022141	113101B
s_2022142	111101B
s_2022143	111203C
s_2022144	112202A
s_2022145	111202C
s_2022146	113203C
s_2022147	113201C
s_2022148	112201A
s_2022149	111101C
s_2022150	112201B
s_2022151	113203C
s_2022152	111201A
s_2022153	112202C
s_2022154	111102C
s_2022155	111201C
s_2022156	112202C
s_2022157	113101C
s_2022158	112203A
s_2022159	112203A
s_2022160	111202B
s_2022161	113103C
s_2022162	112103A
s_2022163	113101C
s_2022164	112202A
s_2022165	111101C
s_2022166	111102C
s_2022167	112203A
s_2022168	111203C
s_2022169	111202C
s_2022170	112203C
s_2022171	112203C
s_2022172	111101A
s_2022173	111201A
s_2022174	112203C
s_2022175	113103C
s_2022176	111202C
s_2022177	113103A
s_2022178	112102C
s_2022179	111103C
s_2022180	113203A
s_2022181	113201C
s_2022182	111202C
s_2022183	113201A
s_2022184	113202B
s_2022185	113202C
s_2022186	113201B
s_2022187	112101A
s_2022188	113101C
s_2022189	113201A
s_2022190	112103C
s_2022191	112203A
s_2022192	113201C
s_2022193	111103A
s_2022194	111102B
s_2022195	113103A
s_2022196	113203A
s_2022197	113203C
s_2022198	111101A
s_2022199	113102B
s_2022200	113103A
s_2022201	112202A
s_2022202	113102C
s_2022203	111102C
s_2022204	113201B
s_2022205	111101B
s_2022206	112202B
s_2022207	113202A
s_2022208	112103C
s_2022209	112103C
s_2022210	112103A
s_2022211	111102C
s_2022212	113201C
s_2022213	113201A
s_2022214	111102A
s_2022215	111102A
s_2022216	111203A
s_2022217	111103A
s_2022218	113203C
s_2022219	113103C
s_2022220	111203C
s_2022221	112203A
s_2022222	111103A
s_2022223	113203C
s_2022224	112202A
s_2022225	112102B
s_2022226	113201B
s_2022227	111201B
s_2022228	112102B
s_2022229	113102B
s_2022230	113202A
s_2022231	112202B
s_2022232	111203A
s_2022233	111101C
s_2022234	113203C
s_2022235	112101B
s_2022236	113101B
s_2022237	112201A
s_2022238	113203C
s_2022239	113202C
s_2022240	112202C
s_2022241	113103C
s_2022242	113201C
s_2022243	113203C
s_2022244	113201A
s_2022245	113102C
s_2022246	111202C
s_2022247	111202A
s_2022248	113102A
s_2022249	111101B
s_2022250	111103A
s_2022251	113201B
s_2022252	113201C
s_2022253	111102C
s_2022254	113201A
s_2022255	113202B
s_2022256	111101B
s_2022257	111203C
s_2022258	111202C
s_2022259	113103C
s_2022260	111201C
s_2022261	113101B
s_2022262	112102A
s_2022263	112103A
s_2022264	112101A
s_2022265	112203A
s_2022266	113202B
s_2022267	112101C
s_2022268	111203A
s_2022269	112103A
s_2022270	111101A
s_2022271	112102C
s_2022272	112202B
s_2022273	112201A
s_2022274	112102C
s_2022275	112201A
s_2022276	111203C
s_2022277	112101B
s_2022278	111103A
s_2022279	113202A
s_2022280	112202C
s_2022281	112203A
s_2022282	111203A
s_2022283	112101B
s_2022284	111102C
s_2022285	113203C
s_2022286	111102B
s_2022287	111203C
s_2022288	112203C
s_2022289	112102A
s_2022290	111203A
s_2022291	112201A
s_2022292	113202C
s_2022293	111103C
s_2022294	113201C
s_2022295	111101B
s_2022296	111102B
s_2022297	112201C
s_2022298	112102B
s_2022299	112203C
s_2022300	111102A
s_2022301	112102A
s_2022302	112101C
s_2022303	111202C
s_2022304	112103A
s_2022305	111101C
s_2022306	111101A
s_2022307	113103A
s_2022308	112201A
s_2022309	113103A
s_2022310	112101A
s_2022311	111201C
s_2022312	113201C
s_2022313	111101C
s_2022314	111203A
s_2022315	111203A
s_2022316	112101C
s_2022317	112203C
s_2022318	112103A
s_2022319	112203A
s_2022320	113101A
s_2022321	113203A
s_2022322	113201A
s_2022323	112203C
s_2022324	112101B
s_2022325	113201B
s_2022326	113202B
s_2022327	111103C
s_2022328	111102A
s_2022329	113101C
s_2022330	111201A
s_2022331	113201B
s_2022332	111103A
s_2022333	113102C
s_2022334	112103C
s_2022335	113201B
s_2022336	111102A
s_2022337	111102C
s_2022338	112103C
s_2022339	112203A
s_2022340	112203C
s_2022341	112103C
s_2022342	112101A
s_2022343	113102B
s_2022344	111203C
s_2022345	111103A
s_2023001	112101A
s_2023002	111102B
s_2023003	111103C
s_2023004	112203A
s_2023005	112203C
s_2023006	111101A
s_2023007	113101C
s_2023008	113102B
s_2023009	111101C
s_2023010	112103A
s_2023011	112201C
s_2023012	111103C
s_2023013	112201A
s_2023014	113201A
s_2023015	113102A
s_2023016	111103C
s_2023017	111103C
s_2023018	112203C
s_2023019	111103A
s_2023020	113103C
s_2023021	112202B
s_2023022	112202A
s_2023023	113203A
s_2023024	112201A
s_2023025	112201B
s_2023026	111202A
s_2023027	111201B
s_2023028	112102B
s_2023029	113101A
s_2023030	113201A
s_2023031	111203C
s_2023032	111201A
s_2023033	111203A
s_2023034	113201B
s_2023035	111203C
s_2023036	112201C
s_2023037	111202B
s_2023038	111102C
s_2023039	112201C
s_2023040	113101A
s_2023041	112103C
s_2023042	113201A
s_2023043	111202C
s_2023044	111103C
s_2023045	113103C
s_2023046	111102A
s_2023047	111202C
s_2023048	111103A
s_2023049	111201A
s_2023050	112102A
s_2023051	111101C
s_2023052	111103C
s_2023053	113102B
s_2023054	111201C
s_2023055	113103A
s_2023056	113201C
s_2023057	111102B
s_2023058	112202B
s_2023059	112201C
s_2023060	113203C
s_2023061	113202C
s_2023062	112201B
s_2023063	112201A
s_2023064	112103C
s_2023065	111202B
s_2023066	113102A
s_2023067	113203C
s_2023068	113203A
s_2023069	111101C
s_2023070	112103A
s_2023071	111103C
s_2023072	112203C
s_2023073	113201A
s_2023074	112101B
s_2023075	113201A
s_2023076	111102A
s_2023077	112203A
s_2023078	112202A
s_2023079	113201A
s_2023080	111203C
s_2023081	113203C
s_2023082	111101A
s_2023083	112201C
s_2023084	111102A
s_2023085	111101C
s_2023086	111103A
s_2023087	111203A
s_2023088	111202A
s_2023089	112203A
s_2023090	113102B
s_2023091	112103C
s_2023092	113202C
s_2023093	111203C
s_2023094	113102A
s_2023095	111103A
s_2023096	111203C
s_2023097	111103A
s_2023098	113102A
s_2023099	113102A
s_2023100	113201A
s_2023101	112203C
s_2023102	112203C
s_2023103	113103C
s_2023104	112203A
s_2023105	111102B
s_2023106	113201A
s_2023107	112203A
s_2023108	113201A
s_2023109	111203C
s_2023110	113102C
s_2023111	111101A
s_2023112	111103C
s_2023113	112202C
s_2023114	112202B
s_2023115	113101A
s_2023116	112202C
s_2023117	113101A
s_2023118	111203C
s_2023119	111101A
s_2023120	111103C
s_2023121	111202C
s_2023122	111203A
s_2023123	113202A
s_2023124	113201C
s_2023125	113101C
s_2023126	112102A
s_2023127	113203A
s_2023128	111102C
s_2023129	111102A
s_2023130	112201B
s_2023131	113101C
s_2023132	113101C
s_2023133	113103A
s_2023134	113101C
s_2023135	112201C
s_2023136	112101C
s_2023137	111203C
s_2023138	111102A
s_2023139	111201A
s_2023140	111101C
s_2023141	112103C
s_2023142	113201B
s_2023143	111202C
s_2023144	111201B
s_2023145	111203C
s_2023146	111101C
s_2023147	111103C
s_2023148	112202C
s_2023149	112103C
s_2023150	111202C
s_2023151	112201C
s_2023152	112101B
s_2023153	113202B
s_2023154	112201A
s_2023155	113103A
s_2023156	113102A
s_2023157	111101B
s_2023158	111101C
s_2023159	113102A
s_2023160	113202B
s_2023161	113102C
s_2023162	111201A
s_2023163	112102A
s_2023164	113101C
s_2023165	111103C
s_2023166	112201C
s_2023167	111103C
s_2023168	113202A
s_2023169	112103A
s_2023170	113203C
s_2023171	113202B
s_2023172	112201A
s_2023173	112202B
s_2023174	113102B
s_2023175	111102A
s_2023176	111102A
s_2023177	112103A
s_2023178	111102B
s_2023179	113203A
s_2023180	112101B
s_2023181	113203A
s_2023182	113202C
s_2023183	113202C
s_2023184	111101A
s_2023185	113103A
s_2023186	113101A
s_2023187	111102A
s_2023188	112101A
s_2023189	113203C
s_2023190	112202A
s_2023191	111101A
s_2023192	111101B
s_2023193	111201B
s_2023194	112201B
s_2023195	112202C
s_2023196	111103C
s_2023197	113203A
s_2023198	111202A
s_2023199	111202B
s_2023200	112201C
s_2023201	112203A
s_2023202	113103C
s_2023203	111202C
s_2023204	111102B
s_2023205	113202B
s_2023206	112103C
s_2023207	111103C
s_2023208	111101B
s_2023209	111201A
s_2023210	111201B
s_2023211	113203A
s_2023212	112102A
s_2023213	112101A
s_2023214	112202B
s_2023215	111103A
s_2023216	113201C
s_2023217	113101B
s_2023218	112203C
s_2023219	111101A
s_2023220	112201C
s_2023221	113203C
s_2023222	113202B
s_2023223	111202A
s_2023224	112201B
s_2023225	111101C
s_2023226	111203C
s_2023227	112101A
s_2023228	113203C
s_2023229	112101C
s_2023230	113103A
s_2023231	111201C
s_2023232	112201B
s_2023233	111101A
s_2023234	113203C
s_2023235	112101C
s_2023236	113202A
s_2023237	111203A
s_2023238	111102A
s_2023239	111102A
s_2023240	112203A
s_2023241	112103C
s_2023242	111202C
s_2023243	113102A
s_2023244	113103C
s_2023245	112102A
s_2023246	113102C
s_2023247	111102C
s_2023248	111202A
s_2023249	113201C
s_2023250	112202C
s_2023251	111201A
s_2023252	112102B
s_2023253	113102B
s_2023254	113201C
s_2023255	112102A
s_2023256	112202B
s_2023257	113102C
s_2023258	111102B
s_2023259	112102B
s_2023260	111101C
s_2023261	112103C
s_2023262	112201B
s_2023263	111102B
s_2023264	111101B
s_2023265	113101B
s_2023266	113201B
s_2023267	113102C
s_2023268	113203C
s_2023269	111103C
s_2023270	112202A
s_2023271	113203C
s_2023272	113201C
s_2023273	113202A
s_2023274	113201B
s_2023275	113201B
s_2023276	112101C
s_2023277	111203C
s_2023278	112201B
s_2023279	112103C
s_2023280	111203C
s_2023281	113103C
s_2023282	112102B
s_2023283	113101C
s_2023284	111101C
s_2023285	112103C
s_2023286	113202A
s_2023287	113202B
s_2023288	111201C
s_2023289	112202A
s_2023290	112103C
s_2023291	112102B
s_2023292	113202C
s_2023293	113103C
s_2023294	113202B
s_2023295	113203A
s_2023296	113201B
s_2023297	112103A
s_2023298	113203A
s_2023299	112203A
s_2023300	112203A
s_2023301	113102C
s_2023302	112202C
s_2023303	113103C
s_2023304	111102C
s_2023305	111203C
s_2023306	113102A
s_2023307	111201A
s_2023308	112102B
s_2023309	113201C
s_2023310	112201C
s_2023311	112102C
s_2023312	112101B
s_2023313	111102C
s_2023314	113103A
s_2023315	111103A
s_2023316	111203C
\.


--
-- Data for Name: teach; Type: TABLE DATA; Schema: public; Owner: nia
--

COPY public.teach (teacher_id, class_id) FROM stdin;
t_002	111101A
t_003	111101B
t_004	111101C
t_001	111102A
t_001	111102B
t_004	111102C
t_001	111103A
t_004	111103C
t_002	111201A
t_003	111201B
t_004	111201C
t_001	111202A
t_001	111202B
t_004	111202C
t_001	111203A
t_004	111203C
t_002	112101A
t_003	112101B
t_004	112101C
t_001	112102A
t_001	112102B
t_004	112102C
t_001	112103A
t_004	112103C
t_002	112201A
t_003	112201B
t_004	112201C
t_001	112202A
t_001	112202B
t_004	112202C
t_001	112203A
t_004	112203C
t_002	113101A
t_003	113101B
t_004	113101C
t_001	113102A
t_001	113102B
t_004	113102C
t_001	113103A
t_004	113103C
t_002	113201A
t_003	113201B
t_004	113201C
t_001	113202A
t_001	113202B
t_004	113202C
t_001	113203A
t_004	113203C
\.


--
-- Data for Name: teacher; Type: TABLE DATA; Schema: public; Owner: nia
--

COPY public.teacher (teacher_id, teacher_name, tel, address, status) FROM stdin;
t_001	蕭雅慧	0943872345	台北市萬華區東園街73巷88號	在職
t_002	徐威宇	0928473958	新北市板橋區館前東路156巷15號	離職
t_003	黃志銘	0928385960	新北市中和區建康路152號	在職
t_004	劉欽泉	0924938736	新北市永和區中興街84巷9號	在職
t_005	黃立杰	0958375647	台北市內湖區新湖一路130號	在職
t_006	林欣婷	0959537527	台北市北投區中央北路三段25號	離職
\.


--
-- Data for Name: workers; Type: TABLE DATA; Schema: public; Owner: nia
--

COPY public.workers (worker_id, worker_name, status, password) FROM stdin;
w_001	陳怡婷	on	123456
w_002	林冠宇	on 	123456
w_003	黃子涵	on 	123456
w_004	張心妤	on 	123456
w_005	李俊宏	on 	123456
w_006	王柏翰	leave	123456
w_007	吳芷瑩	leave	123456
w_008	劉思涵	leave	123456
w_009	楊昀潔	on 	123456
w_010	蔡佳穎	on 	123456
w_011	鄭彥君	leave	123456
w_012	許雅筑	on 	123456
w_013	高志豪	on 	123456
w_014	胡沛霖	leave	123456
w_015	曾書豪	on 	123456
w_016	邱怡君	on 	123456
w_017	卓家瑜	on 	123456
w_018	宋奕翔	leave	123456
w_019	江若彤	on 	123456
w_020	吳昱婷	leave	123456
w_021	宋昕妍	on 	123456
w_022	鍾映竹	on 	123456
w_023	賴詩涵	on 	123456
w_024	阮佳儀	leave	123456
w_025	吳承恩	on 	123456
w_026	洪子誠	on 	123456
w_027	戴哲宇	on 	123456
w_028	徐芷柔	leave	123456
w_029	陸靖茹	leave	123456
w_030	胡智謙	on 	123456
w_031	蔡欣怡	on 	123456
w_032	楊心妤	on 	123456
w_033	林沛倫	leave	123456
w_034	王映潔	on 	123456
w_035	謝語恩	leave	123456
\.


--
-- Name: audit audit_pkey; Type: CONSTRAINT; Schema: public; Owner: nia
--

ALTER TABLE ONLY public.audit
    ADD CONSTRAINT audit_pkey PRIMARY KEY (audit_id);


--
-- Name: class class_pkey; Type: CONSTRAINT; Schema: public; Owner: nia
--

ALTER TABLE ONLY public.class
    ADD CONSTRAINT class_pkey PRIMARY KEY (class_id);


--
-- Name: classroom classroom_pkey; Type: CONSTRAINT; Schema: public; Owner: nia
--

ALTER TABLE ONLY public.classroom
    ADD CONSTRAINT classroom_pkey PRIMARY KEY (classroom_id);


--
-- Name: mentor mentor_pkey; Type: CONSTRAINT; Schema: public; Owner: nia
--

ALTER TABLE ONLY public.mentor
    ADD CONSTRAINT mentor_pkey PRIMARY KEY (mentor_id);


--
-- Name: student student_pkey; Type: CONSTRAINT; Schema: public; Owner: nia
--

ALTER TABLE ONLY public.student
    ADD CONSTRAINT student_pkey PRIMARY KEY (student_id);


--
-- Name: teacher teacher_pkey; Type: CONSTRAINT; Schema: public; Owner: nia
--

ALTER TABLE ONLY public.teacher
    ADD CONSTRAINT teacher_pkey PRIMARY KEY (teacher_id);


--
-- Name: workers workers_pkey; Type: CONSTRAINT; Schema: public; Owner: nia
--

ALTER TABLE ONLY public.workers
    ADD CONSTRAINT workers_pkey PRIMARY KEY (worker_id);


--
-- Name: class class_classroom_id_fkey; Type: FK CONSTRAINT; Schema: public; Owner: nia
--

ALTER TABLE ONLY public.class
    ADD CONSTRAINT class_classroom_id_fkey FOREIGN KEY (classroom_id) REFERENCES public.classroom(classroom_id) ON DELETE SET NULL;


--
-- Name: mentor_shift mentor_shift_mentor_id_fkey; Type: FK CONSTRAINT; Schema: public; Owner: nia
--

ALTER TABLE ONLY public.mentor_shift
    ADD CONSTRAINT mentor_shift_mentor_id_fkey FOREIGN KEY (mentor_id) REFERENCES public.mentor(mentor_id) ON DELETE CASCADE;


--
-- Name: parent parent_student_id_fkey; Type: FK CONSTRAINT; Schema: public; Owner: nia
--

ALTER TABLE ONLY public.parent
    ADD CONSTRAINT parent_student_id_fkey FOREIGN KEY (student_id) REFERENCES public.student(student_id) ON DELETE CASCADE;


--
-- Name: reservation reservation_mentor_id_fkey; Type: FK CONSTRAINT; Schema: public; Owner: nia
--

ALTER TABLE ONLY public.reservation
    ADD CONSTRAINT reservation_mentor_id_fkey FOREIGN KEY (mentor_id) REFERENCES public.mentor(mentor_id) ON DELETE SET NULL;


--
-- Name: reservation reservation_student_id_fkey; Type: FK CONSTRAINT; Schema: public; Owner: nia
--

ALTER TABLE ONLY public.reservation
    ADD CONSTRAINT reservation_student_id_fkey FOREIGN KEY (student_id) REFERENCES public.student(student_id) ON DELETE CASCADE;


--
-- Name: take take_class_id_fkey; Type: FK CONSTRAINT; Schema: public; Owner: nia
--

ALTER TABLE ONLY public.take
    ADD CONSTRAINT take_class_id_fkey FOREIGN KEY (class_id) REFERENCES public.class(class_id) ON DELETE SET NULL;


--
-- Name: take take_student_id_fkey; Type: FK CONSTRAINT; Schema: public; Owner: nia
--

ALTER TABLE ONLY public.take
    ADD CONSTRAINT take_student_id_fkey FOREIGN KEY (student_id) REFERENCES public.student(student_id) ON DELETE SET NULL;


--
-- Name: teach teach_class_id_fkey; Type: FK CONSTRAINT; Schema: public; Owner: nia
--

ALTER TABLE ONLY public.teach
    ADD CONSTRAINT teach_class_id_fkey FOREIGN KEY (class_id) REFERENCES public.class(class_id) ON DELETE CASCADE;


--
-- Name: teach teach_teacher_id_fkey; Type: FK CONSTRAINT; Schema: public; Owner: nia
--

ALTER TABLE ONLY public.teach
    ADD CONSTRAINT teach_teacher_id_fkey FOREIGN KEY (teacher_id) REFERENCES public.teacher(teacher_id) ON DELETE CASCADE;


--
-- Name: SCHEMA public; Type: ACL; Schema: -; Owner: nia
--

REVOKE USAGE ON SCHEMA public FROM PUBLIC;
GRANT ALL ON SCHEMA public TO PUBLIC;


--
-- PostgreSQL database dump complete
--

